Frame#,Time,C7_X,C7_Y,C7_Z,LANK_X,LANK_Y,LANK_Z,LASI_X,LASI_Y,LASI_Z,LELB_X,LELB_Y,LELB_Z,LFIN_X,LFIN_Y,LFIN_Z,LHEE_X,LHEE_Y,LHEE_Z,LKNE_X,LKNE_Y,LKNE_Z,LPSI_X,LPSI_Y,LPSI_Z,LSHO_X,LSHO_Y,LSHO_Z,LTOE_X,LTOE_Y,LTOE_Z,LWRA_X,LWRA_Y,LWRA_Z,LWRB_X,LWRB_Y,LWRB_Z,RANK_X,RANK_Y,RANK_Z,RASI_X,RASI_Y,RASI_Z,RELB_X,RELB_Y,RELB_Z,RFIN_X,RFIN_Y,RFIN_Z,RHEE_X,RHEE_Y,RHEE_Z,RKNE_X,RKNE_Y,RKNE_Z,RPSI_X,RPSI_Y,RPSI_Z,RSHO_X,RSHO_Y,RSHO_Z,RTOE_X,RTOE_Y,RTOE_Z,RWRA_X,RWRA_Y,RWRA_Z,RWRB_X,RWRB_Y,RWRB_Z,STRN_X,STRN_Y,STRN_Z
1,0.0,-0.192457,1.4673,0.0318943,-0.188902,0.0952275,0.223758,-0.28266,0.99185,0.194691,-0.198375,1.13743,0.359935,-0.183486,0.81529,0.446429,-0.120149,0.0615463,0.166099,-0.268189,0.47857,0.219042,-0.138831,1.0149,0.0743103,-0.266187,1.44715,0.207087,-0.360418,0.0643848,0.183994,-0.20977,0.886546,0.374545,-0.147625,0.901161,0.412972,-0.183943,0.10019,-0.167919,-0.270106,0.984839,-0.122479,-0.177435,1.14009,-0.274586,-0.13515,0.807995,-0.377273,-0.118626,0.0600476,-0.0983392,-0.253965,0.500045,-0.147245,-0.134313,1.00748,0.0108771,-0.263238,1.4452,-0.146417,-0.349072,0.0624896,-0.153156,-0.173344,0.884574,-0.299769,-0.114879,0.898522,-0.341764,-0.391461,1.22502,0.0358176
2,0.00997519,-0.192108,1.46726,0.0310132,-0.18894,0.0952598,0.223725,-0.281995,0.991857,0.194499,-0.19877,1.13659,0.358814,-0.188181,0.81406,0.443901,-0.120156,0.0615834,0.166083,-0.268792,0.47863,0.218987,-0.138347,1.01464,0.0738177,-0.26521,1.44719,0.20649,-0.360433,0.0643745,0.183987,-0.213499,0.885974,0.372339,-0.151155,0.899634,0.410001,-0.183929,0.100142,-0.168033,-0.270157,0.984817,-0.122823,-0.178392,1.13899,-0.274349,-0.13978,0.805843,-0.375073,-0.118676,0.0600706,-0.0983758,-0.253504,0.500055,-0.147142,-0.133609,1.0071,0.0105501,-0.263454,1.44492,-0.147017,-0.349131,0.0624188,-0.153167,-0.176607,0.883236,-0.297518,-0.11841,0.89637,-0.33989,-0.390193,1.22502,0.0357343
3,0.0199504,-0.191665,1.4672,0.0301546,-0.188971,0.0952964,0.223704,-0.281395,0.991903,0.194272,-0.199064,1.136,0.357837,-0.193685,0.81296,0.441397,-0.120171,0.0616206,0.16608,-0.269296,0.478696,0.218926,-0.137902,1.01448,0.0733405,-0.264205,1.4472,0.205936,-0.360455,0.0643776,0.183973,-0.217537,0.885329,0.369754,-0.154727,0.898333,0.406949,-0.183917,0.100036,-0.168156,-0.270119,0.984882,-0.123156,-0.179627,1.13776,-0.274039,-0.144742,0.803499,-0.371968,-0.118703,0.0600873,-0.0983771,-0.25295,0.500103,-0.147079,-0.133256,1.00698,0.0100975,-0.263508,1.44462,-0.147552,-0.349168,0.0623639,-0.153195,-0.180326,0.881745,-0.294792,-0.122403,0.893975,-0.33791,-0.389457,1.22499,0.0356824
4,0.0299256,-0.191165,1.46713,0.0293452,-0.189003,0.0953327,0.223696,-0.280877,0.991971,0.194023,-0.199502,1.13526,0.356686,-0.199502,0.811766,0.438315,-0.120201,0.0616402,0.166076,-0.269683,0.478755,0.218853,-0.137525,1.0144,0.0729044,-0.263192,1.44719,0.205422,-0.360475,0.0643777,0.18396,-0.221896,0.884665,0.366793,-0.158936,0.896257,0.404648,-0.183911,0.100017,-0.168172,-0.269875,0.985107,-0.123344,-0.181121,1.13643,-0.273646,-0.150412,0.800824,-0.368521,-0.118725,0.0600937,-0.0983829,-0.252332,0.500174,-0.147059,-0.13306,1.00698,0.00962321,-0.263634,1.44437,-0.148165,-0.349176,0.0623165,-0.153237,-0.184453,0.880263,-0.291902,-0.126821,0.891462,-0.335753,-0.388952,1.22498,0.0357182
5,0.0399007,-0.190659,1.46708,0.028612,-0.189031,0.0953701,0.223694,-0.280424,0.992013,0.193782,-0.20012,1.13433,0.355368,-0.205818,0.810445,0.434844,-0.120226,0.061662,0.166078,-0.269944,0.478809,0.21877,-0.137194,1.0144,0.072524,-0.262174,1.44721,0.204945,-0.360492,0.0643765,0.183952,-0.226524,0.884008,0.363471,-0.163039,0.894751,0.401511,-0.183861,0.0999372,-0.168298,-0.269457,0.985519,-0.123436,-0.182873,1.135,-0.273191,-0.156644,0.798069,-0.365168,-0.11874,0.060094,-0.09837,-0.2517,0.500244,-0.147071,-0.132987,1.00707,0.00914229,-0.26383,1.44416,-0.148849,-0.349178,0.0622836,-0.153267,-0.188922,0.878769,-0.288867,-0.131678,0.888833,-0.333418,-0.388518,1.22502,0.0358602
6,0.0498759,-0.190105,1.46704,0.027911,-0.189049,0.0954014,0.223692,-0.279995,0.992048,0.193556,-0.200851,1.13332,0.353984,-0.212601,0.809085,0.430972,-0.120248,0.0616896,0.16608,-0.270056,0.478857,0.218671,-0.136871,1.01445,0.0721684,-0.261226,1.44724,0.204495,-0.3605,0.0643666,0.183947,-0.231395,0.883371,0.359813,-0.167991,0.893185,0.397916,-0.183808,0.0998793,-0.168391,-0.268959,0.986002,-0.12348,-0.184896,1.13344,-0.27266,-0.163326,0.795293,-0.361468,-0.118741,0.0600916,-0.0983465,-0.25109,0.500299,-0.147162,-0.133032,1.00726,0.00865739,-0.26386,1.44389,-0.149474,-0.349176,0.0622727,-0.153287,-0.193687,0.877219,-0.285656,-0.136985,0.8861,-0.330884,-0.388119,1.2251,0.0360723
7,0.0598511,-0.18951,1.46698,0.0272743,-0.189052,0.0954174,0.223698,-0.279609,0.992094,0.193338,-0.20169,1.13227,0.352529,-0.219788,0.80773,0.426668,-0.120246,0.0617072,0.166084,-0.269975,0.478881,0.218517,-0.136542,1.0145,0.0718097,-0.260394,1.4473,0.2041,-0.360496,0.0643644,0.183948,-0.236439,0.882839,0.355927,-0.173549,0.890985,0.394697,-0.183746,0.0998206,-0.168411,-0.268458,0.986456,-0.123512,-0.187173,1.1318,-0.272047,-0.170628,0.79252,-0.357268,-0.11873,0.0600762,-0.0983332,-0.250529,0.500357,-0.147347,-0.132816,1.00736,0.00829322,-0.263669,1.44358,-0.15002,-0.349155,0.0622718,-0.153305,-0.198819,0.875628,-0.282001,-0.142663,0.883296,-0.328163,-0.387776,1.22521,0.0362978
8,0.0698263,-0.188869,1.46692,0.0266786,-0.189044,0.095417,0.223711,-0.279298,0.992154,0.193144,-0.202661,1.1312,0.351048,-0.227355,0.806432,0.42194,-0.120236,0.0617015,0.16609,-0.269746,0.478869,0.218287,-0.136209,1.01455,0.0714566,-0.259653,1.44739,0.20376,-0.36049,0.0643737,0.183939,-0.241642,0.882435,0.351773,-0.179454,0.888692,0.391078,-0.183635,0.0996874,-0.168384,-0.268008,0.986819,-0.123559,-0.189694,1.13009,-0.271348,-0.178367,0.789647,-0.352579,-0.118738,0.0600643,-0.0983345,-0.25002,0.500367,-0.147431,-0.132385,1.00739,0.00800499,-0.263278,1.44326,-0.150525,-0.349138,0.0622828,-0.153327,-0.204343,0.874022,-0.277868,-0.148657,0.88045,-0.325269,-0.387464,1.22534,0.0364944
9,0.0798015,-0.188153,1.46682,0.0261266,-0.189027,0.0954124,0.223719,-0.278987,0.992236,0.192917,-0.203736,1.13013,0.349579,-0.235274,0.805254,0.416788,-0.12023,0.0616873,0.166096,-0.269468,0.478886,0.218111,-0.13583,1.01456,0.0711185,-0.258992,1.44751,0.20344,-0.360477,0.0643904,0.183924,-0.247009,0.882142,0.347208,-0.185523,0.886395,0.387329,-0.183494,0.099534,-0.168313,-0.26765,0.987041,-0.123642,-0.192396,1.12835,-0.270534,-0.186487,0.786746,-0.347502,-0.118754,0.060034,-0.0983305,-0.249592,0.500351,-0.147463,-0.132161,1.00747,0.0076503,-0.262874,1.443,-0.151066,-0.349123,0.0622845,-0.153349,-0.210256,0.872445,-0.273437,-0.155192,0.877539,-0.322105,-0.387133,1.2255,0.0366349
10,0.0897767,-0.187411,1.46672,0.0256245,-0.189006,0.0953952,0.223721,-0.278522,0.992332,0.192676,-0.20486,1.12907,0.348153,-0.243489,0.804254,0.411153,-0.120219,0.0616803,0.166104,-0.269175,0.478904,0.21798,-0.135395,1.01455,0.0708266,-0.258414,1.44764,0.203107,-0.360459,0.0644044,0.183918,-0.252489,0.882021,0.342301,-0.191427,0.884618,0.383093,-0.183486,0.0996135,-0.168308,-0.267416,0.987084,-0.123777,-0.195199,1.12657,-0.269613,-0.194983,0.783946,-0.342139,-0.118745,0.0600223,-0.0983213,-0.249296,0.500314,-0.147518,-0.131903,1.00751,0.00733505,-0.262458,1.44278,-0.151619,-0.349098,0.0622749,-0.153362,-0.216371,0.870995,-0.268948,-0.16219,0.87471,-0.31875,-0.386756,1.2257,0.0366758
11,0.0997519,-0.186648,1.46661,0.0251557,-0.188981,0.0953737,0.223733,-0.277727,0.992428,0.192428,-0.206145,1.12803,0.346634,-0.252022,0.803483,0.40507,-0.120207,0.0616747,0.166108,-0.268863,0.478904,0.217894,-0.134931,1.01453,0.0705748,-0.257872,1.44779,0.202747,-0.360442,0.0644114,0.183924,-0.258066,0.882098,0.337133,-0.197501,0.882946,0.378619,-0.183474,0.0996211,-0.168386,-0.267174,0.98708,-0.123933,-0.198087,1.12479,-0.268577,-0.204046,0.781344,-0.336618,-0.118741,0.0600019,-0.0983242,-0.249156,0.500265,-0.147656,-0.131492,1.0075,0.00706427,-0.261992,1.44261,-0.15218,-0.349079,0.0622752,-0.153374,-0.222647,0.869672,-0.264285,-0.169493,0.87191,-0.315128,-0.386347,1.22591,0.0365819
12,0.109727,-0.185841,1.4665,0.0247091,-0.188962,0.095356,0.223743,-0.276858,0.992499,0.192201,-0.20753,1.12705,0.345053,-0.261,0.802918,0.398805,-0.120188,0.0616621,0.166112,-0.268545,0.47891,0.217862,-0.134444,1.01447,0.0703524,-0.257354,1.44794,0.202383,-0.360422,0.064422,0.18393,-0.26378,0.882425,0.331664,-0.203801,0.881321,0.373927,-0.183434,0.0996025,-0.168423,-0.266822,0.987108,-0.124098,-0.201095,1.12304,-0.267447,-0.213603,0.778963,-0.330857,-0.118746,0.059985,-0.0983285,-0.249213,0.500204,-0.147874,-0.130974,1.00745,0.00682357,-0.261525,1.44251,-0.152725,-0.349063,0.06228,-0.153393,-0.229094,0.868458,-0.259289,-0.177105,0.869214,-0.311244,-0.385947,1.22609,0.0363214
13,0.119702,-0.185046,1.46637,0.0242706,-0.188945,0.0953506,0.223759,-0.276216,0.992531,0.192012,-0.208976,1.12611,0.343496,-0.270292,0.802721,0.392314,-0.120161,0.0616395,0.166117,-0.268256,0.478925,0.217906,-0.133918,1.01441,0.070156,-0.256844,1.4481,0.202031,-0.360392,0.0644345,0.183933,-0.269581,0.882976,0.325854,-0.210276,0.879792,0.369055,-0.183391,0.0995522,-0.16854,-0.266406,0.98714,-0.124268,-0.204214,1.12135,-0.266238,-0.223504,0.776833,-0.3247,-0.118735,0.0600164,-0.0983329,-0.249465,0.500144,-0.148157,-0.130434,1.00736,0.00658694,-0.261095,1.44248,-0.153248,-0.349051,0.0622852,-0.153413,-0.235756,0.867409,-0.253988,-0.184962,0.866637,-0.307099,-0.385554,1.22623,0.0359098
14,0.129677,-0.184239,1.46625,0.0238508,-0.18892,0.0953389,0.223782,-0.275669,0.992588,0.191836,-0.210438,1.1252,0.341992,-0.279903,0.802963,0.385492,-0.120131,0.0616142,0.166127,-0.267969,0.478922,0.217974,-0.133344,1.01432,0.0699749,-0.256334,1.44825,0.20171,-0.360373,0.0644564,0.183945,-0.275357,0.883728,0.319751,-0.217087,0.878144,0.364254,-0.183381,0.0995403,-0.168578,-0.265925,0.98717,-0.124436,-0.207431,1.11974,-0.265,-0.233889,0.774946,-0.318121,-0.118719,0.0600357,-0.0983171,-0.249917,0.500101,-0.1485,-0.129883,1.00721,0.00638202,-0.260569,1.44244,-0.153701,-0.349038,0.0622953,-0.153422,-0.24263,0.866612,-0.248514,-0.193103,0.864194,-0.302721,-0.385133,1.22633,0.0354026
15,0.139653,-0.183459,1.46612,0.0234812,-0.188895,0.095303,0.223801,-0.275041,0.992642,0.191652,-0.211886,1.12428,0.340494,-0.289848,0.803675,0.377944,-0.120114,0.0615783,0.166139,-0.267675,0.47894,0.217976,-0.132737,1.01424,0.0697797,-0.255854,1.44837,0.201421,-0.360349,0.0644788,0.183959,-0.281115,0.884701,0.313453,-0.224194,0.876715,0.359231,-0.183375,0.0995731,-0.168536,-0.265374,0.9872,-0.12457,-0.210659,1.1182,-0.263718,-0.244681,0.773364,-0.311231,-0.118707,0.0600352,-0.0983057,-0.250575,0.500077,-0.148895,-0.129227,1.00701,0.00621331,-0.25999,1.44238,-0.154115,-0.349027,0.0623073,-0.153425,-0.24963,0.866003,-0.242848,-0.2015,0.861901,-0.298087,-0.384632,1.2264,0.0348199
16,0.149628,-0.182669,1.46599,0.0231156,-0.188873,0.0952719,0.223825,-0.274269,0.992685,0.191471,-0.213322,1.12338,0.338984,-0.299923,0.804659,0.370085,-0.120106,0.0615318,0.166145,-0.267478,0.478956,0.218056,-0.132048,1.01414,0.0695632,-0.255422,1.44846,0.201143,-0.360317,0.0644988,0.183967,-0.286948,0.885969,0.307117,-0.23149,0.875641,0.353911,-0.183373,0.0995979,-0.168575,-0.264784,0.9872,-0.124664,-0.213862,1.11671,-0.262391,-0.255809,0.772133,-0.304084,-0.118709,0.0600366,-0.0983163,-0.251515,0.500037,-0.149322,-0.128431,1.0068,0.00603684,-0.259436,1.44226,-0.154519,-0.34902,0.0623148,-0.153424,-0.256736,0.865595,-0.236986,-0.210095,0.859785,-0.293293,-0.384073,1.22644,0.0341708
17,0.159603,-0.181908,1.46586,0.0227741,-0.188846,0.0952529,0.223848,-0.273376,0.992715,0.19129,-0.214738,1.12245,0.337461,-0.310082,0.80589,0.362121,-0.120093,0.0614899,0.166147,-0.267429,0.478952,0.218227,-0.131268,1.01401,0.0693545,-0.255047,1.44852,0.200852,-0.360287,0.0645262,0.183967,-0.292999,0.88751,0.300443,-0.238953,0.874824,0.348329,-0.18337,0.0995967,-0.168671,-0.264097,0.987184,-0.124734,-0.217022,1.11523,-0.261036,-0.267298,0.771183,-0.296705,-0.118709,0.0600342,-0.0983226,-0.252775,0.499958,-0.14978,-0.127675,1.00664,0.00578572,-0.258898,1.44216,-0.154926,-0.349003,0.0623267,-0.153418,-0.263904,0.865401,-0.230994,-0.218862,0.857834,-0.288319,-0.383463,1.22641,0.0334974
18,0.169578,-0.181198,1.46572,0.0224773,-0.188819,0.0952341,0.223871,-0.272452,0.99276,0.191127,-0.216159,1.12148,0.335908,-0.320357,0.807537,0.353847,-0.120072,0.061456,0.166148,-0.267574,0.478914,0.218454,-0.130416,1.01383,0.0691471,-0.254782,1.44856,0.200583,-0.360245,0.0645597,0.183972,-0.299181,0.889289,0.29377,-0.246574,0.874207,0.342694,-0.183354,0.0995916,-0.168665,-0.263307,0.98715,-0.12481,-0.220162,1.1138,-0.259709,-0.27901,0.77061,-0.289273,-0.11871,0.0600145,-0.0983199,-0.254392,0.499926,-0.150541,-0.126765,1.00639,0.00560184,-0.258399,1.44207,-0.155337,-0.348976,0.0623459,-0.153423,-0.27116,0.865499,-0.225013,-0.227847,0.85602,-0.283044,-0.382803,1.22635,0.0328359
19,0.179553,-0.180516,1.46558,0.0221732,-0.18879,0.0952166,0.223889,-0.271474,0.992802,0.191033,-0.217591,1.12046,0.334325,-0.330652,0.809577,0.345377,-0.120028,0.0614189,0.166148,-0.268003,0.478869,0.21872,-0.12949,1.01362,0.0689002,-0.254619,1.44858,0.200364,-0.360194,0.0646021,0.183972,-0.30525,0.891272,0.287406,-0.254358,0.873799,0.337039,-0.183297,0.0994871,-0.168685,-0.262415,0.987074,-0.124863,-0.223313,1.11239,-0.258429,-0.290825,0.770503,-0.281729,-0.118698,0.0600211,-0.0983223,-0.2564,0.499898,-0.151455,-0.125717,1.00606,0.0054716,-0.257856,1.44185,-0.155667,-0.348957,0.0623702,-0.153418,-0.278503,0.86583,-0.218969,-0.237053,0.854348,-0.277499,-0.382107,1.22623,0.0322209
20,0.189529,-0.179892,1.46544,0.0218372,-0.188756,0.0951986,0.223893,-0.270352,0.99284,0.190976,-0.219092,1.11941,0.332735,-0.340879,0.811919,0.336826,-0.119967,0.0613811,0.166146,-0.268823,0.478867,0.219045,-0.128401,1.01338,0.0686583,-0.254323,1.44856,0.200071,-0.360136,0.0646493,0.18397,-0.31137,0.893479,0.281063,-0.26229,0.873642,0.331291,-0.18325,0.0993849,-0.16865,-0.261361,0.986935,-0.124888,-0.226552,1.11094,-0.257194,-0.302756,0.770805,-0.27402,-0.118691,0.0600274,-0.0983343,-0.258892,0.499849,-0.152525,-0.124624,1.00576,0.00528658,-0.257332,1.44151,-0.155965,-0.348941,0.0624113,-0.153389,-0.285837,0.866256,-0.212888,-0.246213,0.852896,-0.272088,-0.38136,1.22604,0.0316751
21,0.199504,-0.179358,1.46526,0.021514,-0.18871,0.0951825,0.223897,-0.268921,0.992859,0.190788,-0.22072,1.11833,0.331182,-0.350911,0.814427,0.328477,-0.119909,0.0613328,0.166146,-0.270156,0.478949,0.219438,-0.127171,1.01309,0.0684882,-0.253911,1.44847,0.199729,-0.360073,0.0646978,0.183987,-0.31759,0.895913,0.27461,-0.270288,0.873732,0.325404,-0.183364,0.0995679,-0.168679,-0.260183,0.986676,-0.124867,-0.229883,1.10945,-0.256007,-0.314743,0.771446,-0.266203,-0.118683,0.0600337,-0.0983174,-0.261911,0.499744,-0.153771,-0.123305,1.00528,0.00516867,-0.256964,1.44111,-0.156321,-0.34895,0.0624415,-0.153351,-0.293288,0.866917,-0.206845,-0.255444,0.851672,-0.26669,-0.380545,1.22575,0.0311987
22,0.209479,-0.178912,1.465,0.0211976,-0.188672,0.0951684,0.223908,-0.26739,0.992806,0.1906,-0.222514,1.11721,0.329691,-0.360787,0.817301,0.320269,-0.119862,0.0612795,0.16615,-0.272069,0.479105,0.219902,-0.125811,1.01271,0.0683476,-0.253631,1.44824,0.199477,-0.36001,0.0647083,0.184026,-0.323919,0.898491,0.268019,-0.278292,0.874029,0.319434,-0.183479,0.0997233,-0.168764,-0.258845,0.986312,-0.124848,-0.233067,1.10794,-0.254921,-0.326733,0.77244,-0.258316,-0.118685,0.0600504,-0.098303,-0.265439,0.499555,-0.155228,-0.121892,1.00475,0.00504217,-0.256577,1.44061,-0.156639,-0.349019,0.0624595,-0.153299,-0.300866,0.867885,-0.200854,-0.264813,0.850683,-0.261189,-0.379703,1.22533,0.0308122
23,0.219454,-0.178532,1.46463,0.0209008,-0.188648,0.0951555,0.22394,-0.265774,0.992675,0.19044,-0.224439,1.11608,0.328253,-0.370612,0.820591,0.312007,-0.119816,0.0612466,0.166161,-0.274552,0.47923,0.220416,-0.124344,1.01222,0.0681997,-0.253311,1.44785,0.199208,-0.359962,0.0647392,0.184031,-0.330078,0.901185,0.261526,-0.286301,0.87447,0.313483,-0.183581,0.0998667,-0.168758,-0.257389,0.9858,-0.124828,-0.236151,1.10642,-0.253887,-0.33867,0.773793,-0.250415,-0.118716,0.0600872,-0.0983103,-0.269368,0.499254,-0.156856,-0.12043,1.00414,0.00490442,-0.256196,1.43999,-0.156885,-0.349153,0.062451,-0.153243,-0.308547,0.869104,-0.194925,-0.2743,0.849894,-0.255611,-0.378836,1.22473,0.0305235
24,0.229429,-0.178201,1.46414,0.0206011,-0.188641,0.095153,0.223978,-0.264066,0.992465,0.19027,-0.226408,1.11485,0.326855,-0.380333,0.824191,0.303606,-0.119787,0.0612178,0.166175,-0.277535,0.479158,0.221052,-0.122727,1.01158,0.0680517,-0.252983,1.44733,0.198901,-0.35993,0.064777,0.184022,-0.336084,0.903989,0.255123,-0.29432,0.875099,0.30759,-0.183698,0.0999835,-0.168775,-0.255817,0.985095,-0.124793,-0.23924,1.10489,-0.252906,-0.35053,0.775472,-0.242553,-0.118773,0.0601341,-0.0983207,-0.273543,0.498855,-0.158661,-0.11884,1.00339,0.00476496,-0.255958,1.43926,-0.15713,-0.349283,0.0624073,-0.153175,-0.316352,0.870524,-0.189099,-0.283766,0.849334,-0.250011,-0.377933,1.22393,0.0303195
25,0.239404,-0.177882,1.46347,0.0202897,-0.188667,0.0951569,0.224027,-0.262256,0.992122,0.190078,-0.228396,1.11349,0.325499,-0.389912,0.828143,0.295019,-0.119785,0.0612178,0.16618,-0.281051,0.47883,0.221999,-0.120958,1.0108,0.0679214,-0.252715,1.44666,0.198562,-0.359908,0.0648008,0.184028,-0.342047,0.906885,0.24881,-0.302448,0.875988,0.301587,-0.183873,0.100112,-0.168855,-0.254166,0.984165,-0.124765,-0.242468,1.10335,-0.252079,-0.362334,0.777448,-0.234722,-0.118824,0.0601974,-0.0983082,-0.277855,0.498348,-0.160685,-0.117012,1.00247,0.00464507,-0.255728,1.43838,-0.15735,-0.3493,0.0623347,-0.153118,-0.324241,0.872165,-0.183349,-0.293082,0.849096,-0.244417,-0.377026,1.2229,0.0302039
26,0.24938,-0.177588,1.46255,0.019975,-0.188722,0.0951657,0.224078,-0.260352,0.991617,0.189836,-0.23041,1.11199,0.324194,-0.399445,0.832361,0.286621,-0.119769,0.0612811,0.166158,-0.285035,0.478252,0.223214,-0.119083,1.00981,0.0677628,-0.25252,1.44577,0.198189,-0.359909,0.064814,0.184037,-0.347985,0.909831,0.242625,-0.310508,0.877084,0.295416,-0.184046,0.100207,-0.169006,-0.252367,0.983041,-0.124776,-0.245659,1.10172,-0.25129,-0.374114,0.77977,-0.226921,-0.118848,0.0602644,-0.0982783,-0.282211,0.497731,-0.162892,-0.114969,1.00136,0.004512,-0.255562,1.43734,-0.157616,-0.349113,0.0622759,-0.153136,-0.332119,0.874021,-0.177678,-0.302202,0.84913,-0.238872,-0.376084,1.22163,0.0301396
27,0.259355,-0.177344,1.46138,0.019642,-0.188764,0.0952058,0.22412,-0.258196,0.990939,0.18943,-0.232425,1.1103,0.322942,-0.408909,0.836781,0.278415,-0.119718,0.0614085,0.166103,-0.289289,0.477527,0.22463,-0.117161,1.00857,0.067516,-0.252401,1.44465,0.1978,-0.35999,0.0648535,0.184036,-0.353874,0.912791,0.236588,-0.318567,0.878212,0.289481,-0.184176,0.100254,-0.169214,-0.250424,0.981732,-0.124841,-0.248742,1.1,-0.25056,-0.385816,0.782535,-0.219119,-0.118874,0.0603308,-0.0982595,-0.286422,0.497031,-0.165168,-0.113107,0.99993,0.00426324,-0.255431,1.43609,-0.157874,-0.349049,0.0622371,-0.153158,-0.339925,0.876072,-0.172145,-0.311628,0.849152,-0.233421,-0.375095,1.22009,0.0301345
28,0.26933,-0.177121,1.45998,0.0192903,-0.188798,0.0952493,0.224172,-0.255935,0.990008,0.18898,-0.234474,1.10841,0.321723,-0.41826,0.841367,0.270405,-0.119705,0.0614597,0.166095,-0.293726,0.476692,0.226176,-0.115124,1.0071,0.0672273,-0.25236,1.44327,0.197382,-0.36017,0.0649519,0.184005,-0.359839,0.91589,0.230709,-0.326824,0.87927,0.283593,-0.184263,0.100302,-0.169366,-0.248438,0.980204,-0.124981,-0.251864,1.09819,-0.250014,-0.397477,0.78559,-0.211447,-0.118899,0.0603774,-0.0982739,-0.290288,0.496257,-0.167348,-0.110937,0.998249,0.00395799,-0.25545,1.43463,-0.15816,-0.34908,0.0622182,-0.153174,-0.347685,0.878282,-0.166804,-0.321197,0.849239,-0.228065,-0.374102,1.21828,0.0301651
29,0.279305,-0.176949,1.45837,0.0189038,-0.188892,0.0952088,0.224361,-0.253676,0.988781,0.18852,-0.236653,1.10628,0.320556,-0.427516,0.846113,0.262573,-0.119722,0.0614484,0.166123,-0.298304,0.475785,0.227898,-0.112993,1.00537,0.0668791,-0.252313,1.44161,0.19689,-0.360309,0.0650481,0.184025,-0.365909,0.919077,0.224951,-0.335104,0.880467,0.277884,-0.184317,0.100329,-0.169483,-0.246425,0.978371,-0.125166,-0.254776,1.09618,-0.249474,-0.409021,0.788939,-0.2039,-0.118916,0.0603545,-0.0982833,-0.293822,0.495374,-0.169418,-0.109028,0.996235,0.00375628,-0.255494,1.43292,-0.158421,-0.349088,0.0622247,-0.153203,-0.355446,0.880573,-0.16153,-0.330704,0.849515,-0.222758,-0.37306,1.21616,0.0301897
30,0.28928,-0.17682,1.45658,0.0184601,-0.188982,0.0951508,0.224571,-0.251557,0.987247,0.188084,-0.239017,1.10387,0.319399,-0.43666,0.851022,0.254952,-0.119733,0.0614504,0.166159,-0.302911,0.47471,0.229708,-0.110825,1.00336,0.0664458,-0.252184,1.43967,0.19631,-0.360169,0.0651319,0.184142,-0.372033,0.922287,0.219314,-0.343358,0.881788,0.272355,-0.184353,0.100346,-0.169592,-0.244336,0.976127,-0.125377,-0.257748,1.09401,-0.249141,-0.420409,0.792627,-0.196485,-0.118917,0.0602974,-0.0982969,-0.297478,0.494209,-0.171789,-0.107145,0.993984,0.00344754,-0.255677,1.43097,-0.158727,-0.349066,0.0622358,-0.153235,-0.363151,0.882995,-0.156365,-0.340236,0.850057,-0.21736,-0.372008,1.21369,0.0302077
31,0.299256,-0.176756,1.45458,0.0180288,-0.18907,0.095089,0.224761,-0.249492,0.985383,0.187721,-0.24135,1.10119,0.318473,-0.4457,0.856078,0.247643,-0.119711,0.0614845,0.166176,-0.307483,0.473476,0.231552,-0.108557,1.00111,0.0659931,-0.252168,1.43741,0.195795,-0.360065,0.065204,0.184232,-0.378074,0.925466,0.213788,-0.351636,0.883159,0.266904,-0.184365,0.100337,-0.169695,-0.242213,0.973372,-0.125606,-0.260704,1.09165,-0.24899,-0.431718,0.796719,-0.189212,-0.118879,0.060275,-0.0983089,-0.300797,0.492903,-0.174061,-0.105124,0.991543,0.00303419,-0.256014,1.42875,-0.159095,-0.349016,0.0622371,-0.153263,-0.37079,0.885543,-0.151238,-0.349721,0.850743,-0.21199,-0.370899,1.2109,0.0302131
32,0.309231,-0.176732,1.45235,0.0176465,-0.189184,0.0949945,0.224948,-0.247335,0.983254,0.187207,-0.243839,1.09823,0.317635,-0.454567,0.861494,0.240548,-0.119716,0.0614636,0.166212,-0.312063,0.472211,0.23346,-0.106005,0.998701,0.0655948,-0.25226,1.43482,0.195366,-0.360035,0.0652648,0.184298,-0.384001,0.928649,0.208363,-0.360038,0.884647,0.261412,-0.184359,0.100337,-0.169752,-0.239836,0.970484,-0.125959,-0.263481,1.08904,-0.248924,-0.442877,0.801285,-0.182052,-0.118844,0.0602657,-0.0983075,-0.30383,0.491569,-0.176169,-0.102965,0.988935,0.00256292,-0.2564,1.42624,-0.159468,-0.348946,0.0622394,-0.153291,-0.378386,0.888247,-0.14606,-0.359176,0.851603,-0.206696,-0.369756,1.2078,0.0301699
33,0.319206,-0.176745,1.44986,0.0172634,-0.189317,0.0948953,0.225117,-0.245026,0.980835,0.186664,-0.246517,1.09499,0.316866,-0.463288,0.867191,0.233638,-0.119806,0.0613563,0.166295,-0.316688,0.470861,0.235333,-0.10315,0.99616,0.0652617,-0.252387,1.43193,0.194992,-0.360016,0.0652874,0.184379,-0.389955,0.931947,0.203055,-0.36848,0.886179,0.256029,-0.184343,0.100352,-0.169779,-0.237225,0.967352,-0.126323,-0.266227,1.08621,-0.249073,-0.453847,0.806365,-0.174992,-0.118836,0.0602323,-0.0983075,-0.306979,0.490308,-0.178453,-0.100695,0.986137,0.00208086,-0.256841,1.42342,-0.159829,-0.348884,0.0622564,-0.153338,-0.385831,0.891128,-0.141068,-0.368614,0.852732,-0.201393,-0.368575,1.20442,0.0300622
34,0.329181,-0.176783,1.4471,0.0168364,-0.189462,0.094818,0.225285,-0.24241,0.977916,0.186583,-0.249296,1.09151,0.316246,-0.47188,0.873074,0.226964,-0.11983,0.0613587,0.166312,-0.321469,0.469446,0.237185,-0.100625,0.993293,0.0649167,-0.25233,1.42878,0.194579,-0.359969,0.0652498,0.184479,-0.396063,0.935482,0.19791,-0.376806,0.887815,0.250584,-0.184324,0.100318,-0.169948,-0.235093,0.96397,-0.126321,-0.268894,1.08313,-0.249373,-0.464766,0.811809,-0.168084,-0.118827,0.0601808,-0.0983001,-0.310364,0.488978,-0.180892,-0.0983868,0.983208,0.00165305,-0.257342,1.42031,-0.160179,-0.348841,0.062271,-0.153398,-0.393151,0.894149,-0.136289,-0.378092,0.854121,-0.196178,-0.367398,1.20079,0.0298854
35,0.339156,-0.176871,1.44404,0.0163598,-0.189569,0.0947931,0.225428,-0.239917,0.974688,0.186516,-0.252192,1.08779,0.315755,-0.480327,0.879085,0.220495,-0.119809,0.0614464,0.166287,-0.326349,0.467905,0.238944,-0.098268,0.990149,0.0646575,-0.252242,1.42533,0.19421,-0.359952,0.0652473,0.184552,-0.402115,0.93906,0.192831,-0.385108,0.889589,0.24514,-0.184334,0.10027,-0.170129,-0.232999,0.960859,-0.126319,-0.271668,1.0799,-0.249857,-0.475625,0.817799,-0.161348,-0.11881,0.0601555,-0.0983251,-0.313893,0.487544,-0.183348,-0.0961042,0.98016,0.00135426,-0.257999,1.41697,-0.160559,-0.348798,0.062266,-0.153454,-0.400292,0.897279,-0.131772,-0.387601,0.855787,-0.19108,-0.366224,1.19695,0.0296276
36,0.349132,-0.17696,1.44067,0.0158604,-0.189625,0.0948114,0.225542,-0.237272,0.971225,0.186626,-0.255209,1.08387,0.315329,-0.488659,0.885229,0.214201,-0.119827,0.06146,0.16629,-0.331221,0.466279,0.240611,-0.0960206,0.986791,0.0645235,-0.251967,1.42163,0.193814,-0.359964,0.0652708,0.184605,-0.407883,0.942097,0.187754,-0.393449,0.891534,0.239812,-0.184352,0.100217,-0.170281,-0.231069,0.957751,-0.126114,-0.27452,1.07653,-0.250408,-0.48632,0.824384,-0.154654,-0.118773,0.0601459,-0.098346,-0.317417,0.48605,-0.18578,-0.0938413,0.976989,0.00119751,-0.25871,1.41338,-0.160921,-0.348741,0.0622704,-0.153504,-0.406988,0.900595,-0.127553,-0.397145,0.857758,-0.186121,-0.365096,1.1929,0.0293128
37,0.359107,-0.177068,1.43696,0.0153433,-0.189723,0.0948022,0.225688,-0.234467,0.967496,0.186922,-0.258391,1.07977,0.314907,-0.496902,0.891509,0.208054,-0.11978,0.0615309,0.166247,-0.336058,0.464651,0.242264,-0.0938239,0.983279,0.0644709,-0.251658,1.41765,0.193437,-0.359982,0.0653176,0.184633,-0.41366,0.945194,0.183052,-0.401814,0.89365,0.234699,-0.184341,0.100178,-0.170429,-0.229248,0.954495,-0.125718,-0.277534,1.07306,-0.251035,-0.4968,0.831534,-0.148066,-0.118751,0.0601374,-0.0983702,-0.320998,0.484573,-0.18832,-0.0915708,0.973724,0.00116604,-0.259456,1.40954,-0.161248,-0.348657,0.0623008,-0.153574,-0.413743,0.904334,-0.123292,-0.40667,0.860095,-0.181286,-0.36402,1.18865,0.0289308
38,0.369082,-0.17716,1.43294,0.0148312,-0.189757,0.0948065,0.225674,-0.232008,0.963383,0.186899,-0.261747,1.0755,0.314476,-0.505017,0.897974,0.202011,-0.119753,0.0615371,0.166227,-0.340712,0.462916,0.243878,-0.0915523,0.979652,0.0645296,-0.251351,1.41342,0.193087,-0.360004,0.0653966,0.184644,-0.419473,0.948497,0.178644,-0.410235,0.895902,0.229737,-0.184322,0.100146,-0.170601,-0.226948,0.951071,-0.125611,-0.280687,1.06948,-0.251722,-0.507063,0.839257,-0.14155,-0.118743,0.0601309,-0.098401,-0.324613,0.482983,-0.19092,-0.0892695,0.970331,0.00121514,-0.260215,1.40546,-0.161514,-0.348559,0.0623335,-0.153654,-0.420291,0.908324,-0.119113,-0.416205,0.862772,-0.176733,-0.363019,1.18414,0.0284839
39,0.379057,-0.17723,1.42864,0.0143336,-0.189809,0.0948073,0.225643,-0.229651,0.958995,0.186817,-0.265282,1.0711,0.314043,-0.513005,0.904687,0.196096,-0.119726,0.0615029,0.166215,-0.345133,0.46104,0.245462,-0.0893447,0.975879,0.0646478,-0.251069,1.40895,0.192752,-0.359969,0.065394,0.184701,-0.425274,0.951828,0.174435,-0.418697,0.898267,0.224856,-0.184306,0.100098,-0.170806,-0.224505,0.947136,-0.125539,-0.283945,1.06583,-0.252408,-0.51706,0.847486,-0.135161,-0.118729,0.0601038,-0.0984203,-0.328161,0.48127,-0.193454,-0.0869438,0.966752,0.00132323,-0.26098,1.40114,-0.16172,-0.348469,0.0623593,-0.153744,-0.426796,0.912504,-0.115127,-0.425708,0.865773,-0.172225,-0.362095,1.17932,0.0280534
40,0.389032,-0.177317,1.42407,0.0138883,-0.189897,0.0948034,0.225648,-0.227253,0.954362,0.186778,-0.268995,1.06658,0.313606,-0.520868,0.911686,0.190366,-0.119707,0.0614796,0.166179,-0.349379,0.459058,0.247002,-0.0871414,0.971988,0.0648253,-0.250815,1.40425,0.192428,-0.359921,0.0653924,0.184752,-0.43096,0.955072,0.170368,-0.427392,0.901039,0.220287,-0.18426,0.100029,-0.171014,-0.222113,0.942686,-0.125329,-0.287381,1.06211,-0.253126,-0.526764,0.856023,-0.129079,-0.118703,0.0600746,-0.0984284,-0.331662,0.479426,-0.195939,-0.0846368,0.962979,0.0014787,-0.261742,1.39658,-0.16186,-0.348346,0.0623947,-0.153842,-0.433124,0.916443,-0.111607,-0.435112,0.86904,-0.16758,-0.361203,1.17418,0.0276193
41,0.399007,-0.177471,1.41924,0.0135166,-0.190012,0.0948214,0.22569,-0.224835,0.949477,0.186731,-0.272879,1.0619,0.313162,-0.528551,0.918984,0.184873,-0.119734,0.0614502,0.166159,-0.353598,0.457024,0.248522,-0.0849235,0.967962,0.0649831,-0.250623,1.39932,0.192128,-0.359889,0.0654193,0.184807,-0.436525,0.958263,0.166385,-0.436099,0.903969,0.215865,-0.184194,0.0999744,-0.171226,-0.219804,0.938007,-0.124991,-0.290935,1.05832,-0.253851,-0.536138,0.864797,-0.123303,-0.118664,0.0600697,-0.0984307,-0.335165,0.477491,-0.198424,-0.0823035,0.959033,0.00162916,-0.262468,1.39179,-0.161957,-0.348168,0.0624671,-0.153946,-0.439425,0.920646,-0.108086,-0.444495,0.872625,-0.162998,-0.360397,1.16873,0.0272159
42,0.408983,-0.177696,1.4141,0.0132042,-0.190142,0.0948425,0.225753,-0.222429,0.944314,0.186673,-0.276966,1.05706,0.312723,-0.535961,0.926564,0.179615,-0.119832,0.0613867,0.166184,-0.357893,0.455068,0.250031,-0.0826757,0.963787,0.0650929,-0.250495,1.39416,0.19185,-0.359892,0.0654545,0.184873,-0.441964,0.96139,0.162466,-0.444684,0.906939,0.211477,-0.184141,0.0999256,-0.171483,-0.217431,0.933133,-0.12467,-0.294654,1.05439,-0.254654,-0.545147,0.873786,-0.11775,-0.118618,0.0600672,-0.0984354,-0.338825,0.475534,-0.200895,-0.0799533,0.954908,0.00172244,-0.263149,1.38677,-0.162036,-0.347926,0.0625743,-0.154055,-0.445809,0.92513,-0.104811,-0.453831,0.876417,-0.158746,-0.359696,1.16303,0.0268415
43,0.418958,-0.178005,1.40863,0.0128888,-0.190275,0.0948622,0.225822,-0.219976,0.93888,0.186614,-0.281283,1.05209,0.312285,-0.543004,0.934332,0.174535,-0.119894,0.0613634,0.166193,-0.362175,0.453144,0.251372,-0.0803716,0.959408,0.0651072,-0.250455,1.38874,0.191561,-0.359912,0.0654781,0.184957,-0.447287,0.964406,0.158681,-0.453128,0.909937,0.207142,-0.184092,0.0998609,-0.171752,-0.215214,0.928022,-0.124417,-0.29845,1.05024,-0.255443,-0.553774,0.882942,-0.112442,-0.118568,0.0599971,-0.0984365,-0.342586,0.473554,-0.20316,-0.0776064,0.950549,0.00173298,-0.263781,1.38147,-0.162095,-0.347694,0.0626689,-0.154165,-0.451935,0.929645,-0.101607,-0.463089,0.880398,-0.154797,-0.359077,1.15711,0.0265047
44,0.428933,-0.178328,1.40282,0.0125881,-0.190397,0.0948611,0.225852,-0.217331,0.933261,0.186409,-0.285811,1.04696,0.311846,-0.549618,0.942154,0.169626,-0.119904,0.0613551,0.166182,-0.36635,0.451217,0.252483,-0.0780559,0.954765,0.06503,-0.250512,1.38307,0.191261,-0.359923,0.0654808,0.185036,-0.45248,0.96739,0.154978,-0.461411,0.913001,0.202843,-0.18405,0.0997991,-0.171951,-0.213234,0.922605,-0.124238,-0.302437,1.04587,-0.256244,-0.562023,0.892175,-0.107434,-0.118537,0.0599347,-0.098452,-0.346336,0.471475,-0.205093,-0.0752814,0.945885,0.00166641,-0.264403,1.3759,-0.162126,-0.347541,0.06271,-0.154256,-0.457943,0.934195,-0.0986605,-0.472173,0.884612,-0.150893,-0.358578,1.15098,0.0262903
45,0.438908,-0.178548,1.39674,0.0123068,-0.19049,0.09484,0.225812,-0.214671,0.927426,0.18628,-0.290509,1.04165,0.311443,-0.555847,0.949929,0.164965,-0.119885,0.0613035,0.166144,-0.370375,0.449253,0.253364,-0.075697,0.949833,0.0648696,-0.250684,1.37715,0.19095,-0.359927,0.0654617,0.185093,-0.457565,0.970411,0.151413,-0.469454,0.916109,0.198525,-0.18399,0.0997731,-0.172013,-0.210522,0.916906,-0.123913,-0.306611,1.04127,-0.257024,-0.569867,0.901501,-0.102662,-0.118524,0.059897,-0.0984522,-0.349987,0.469291,-0.206763,-0.0728919,0.9409,0.00152797,-0.265046,1.37003,-0.162116,-0.347449,0.0627255,-0.154303,-0.463848,0.938778,-0.0958791,-0.480912,0.888982,-0.146904,-0.358195,1.1446,0.0261738
46,0.448883,-0.178744,1.39047,0.012081,-0.190546,0.0948197,0.225721,-0.212016,0.921387,0.186259,-0.295286,1.03606,0.310988,-0.561731,0.957518,0.160522,-0.119857,0.061246,0.166093,-0.374073,0.447127,0.253986,-0.0732629,0.944643,0.0646593,-0.25101,1.37098,0.190666,-0.359895,0.0654383,0.185114,-0.462566,0.973408,0.148004,-0.477314,0.919251,0.194264,-0.184004,0.0997264,-0.172105,-0.207998,0.910949,-0.123717,-0.310935,1.03646,-0.257952,-0.577285,0.910886,-0.0981263,-0.118502,0.0598396,-0.0984479,-0.353494,0.467072,-0.208305,-0.0704182,0.935605,0.00130169,-0.265731,1.36387,-0.162127,-0.347375,0.0627377,-0.154335,-0.469576,0.94334,-0.0932047,-0.489342,0.89347,-0.142889,-0.357922,1.13792,0.0261166
47,0.458859,-0.178934,1.38416,0.0118665,-0.190601,0.0948268,0.225594,-0.209276,0.915219,0.186323,-0.300205,1.03023,0.310501,-0.567334,0.964818,0.156279,-0.119843,0.0612087,0.166041,-0.377379,0.444865,0.254408,-0.0707911,0.939252,0.0644118,-0.251485,1.36466,0.190484,-0.359856,0.0654264,0.18512,-0.467513,0.976338,0.144756,-0.48501,0.922403,0.190107,-0.184053,0.0996561,-0.172316,-0.205744,0.90478,-0.123651,-0.315463,1.03136,-0.258928,-0.584234,0.920287,-0.0938351,-0.118467,0.059766,-0.0984602,-0.356801,0.464838,-0.209787,-0.0678721,0.930067,0.000963909,-0.266439,1.35748,-0.162199,-0.347274,0.062755,-0.154354,-0.475062,0.947847,-0.0905995,-0.497503,0.898063,-0.138951,-0.35776,1.13091,0.0261245
48,0.468834,-0.179216,1.37793,0.0116385,-0.19068,0.0948417,0.225466,-0.206426,0.908984,0.186455,-0.305327,1.02423,0.310002,-0.572634,0.971814,0.15223,-0.119852,0.061201,0.165986,-0.380426,0.442611,0.254738,-0.068175,0.933713,0.0641204,-0.252065,1.35822,0.190441,-0.359831,0.0654249,0.185138,-0.472329,0.979198,0.141656,-0.49248,0.925538,0.186065,-0.184063,0.0996201,-0.172458,-0.20364,0.898455,-0.123589,-0.320212,1.02605,-0.259956,-0.590682,0.929618,-0.0898041,-0.118448,0.0597162,-0.0984853,-0.359948,0.462582,-0.211113,-0.0653233,0.924388,0.000537511,-0.26715,1.35094,-0.162378,-0.347149,0.0627749,-0.154395,-0.480258,0.952292,-0.0880806,-0.505437,0.902608,-0.135204,-0.357691,1.12366,0.0262517
49,0.478809,-0.179786,1.37168,0.0113927,-0.190792,0.0948752,0.225353,-0.203357,0.902759,0.186499,-0.310694,1.01817,0.30944,-0.577605,0.978559,0.14836,-0.119863,0.0612321,0.16592,-0.383428,0.440563,0.255012,-0.0654598,0.928095,0.0638076,-0.252677,1.35168,0.190484,-0.359829,0.0654245,0.185165,-0.477005,0.981897,0.138666,-0.499684,0.928624,0.182144,-0.184019,0.0996036,-0.172434,-0.201458,0.892064,-0.123493,-0.325099,1.02064,-0.260815,-0.596657,0.938761,-0.0860392,-0.118442,0.0597174,-0.0984905,-0.3631,0.460393,-0.212177,-0.0628512,0.918692,5.10394e-05,-0.267842,1.34431,-0.162642,-0.347006,0.0628141,-0.154441,-0.485203,0.956647,-0.0856544,-0.513076,0.907043,-0.131597,-0.357576,1.11621,0.0264407
50,0.488784,-0.180464,1.36544,0.0111471,-0.190923,0.0949408,0.225261,-0.200195,0.896462,0.186577,-0.316234,1.01215,0.308767,-0.58223,0.985046,0.144688,-0.119886,0.0612739,0.165868,-0.386521,0.438866,0.255368,-0.0627731,0.922456,0.0634503,-0.253292,1.34506,0.190504,-0.359832,0.0654387,0.1852,-0.481548,0.984358,0.135754,-0.506682,0.931593,0.178359,-0.183986,0.0995979,-0.172247,-0.199243,0.885661,-0.123311,-0.330343,1.01525,-0.261538,-0.60215,0.947627,-0.0825225,-0.1184,0.0597141,-0.0984827,-0.36631,0.458307,-0.213203,-0.0604488,0.913053,-0.000437279,-0.268505,1.33764,-0.162903,-0.346872,0.062877,-0.15447,-0.489969,0.96075,-0.083475,-0.520375,0.911406,-0.128082,-0.357384,1.10865,0.0265334
51,0.498759,-0.181306,1.35903,0.0109695,-0.191077,0.0950167,0.225173,-0.197015,0.890059,0.186707,-0.321933,1.00624,0.307972,-0.586462,0.991308,0.141218,-0.11992,0.0613441,0.165816,-0.389615,0.437415,0.255959,-0.060171,0.916779,0.0630651,-0.253977,1.3384,0.190435,-0.359832,0.0654659,0.185244,-0.485907,0.986476,0.132898,-0.513451,0.93436,0.174675,-0.184015,0.0996154,-0.172159,-0.1971,0.879251,-0.123096,-0.335742,1.00997,-0.262136,-0.607204,0.956191,-0.0792034,-0.118397,0.0597374,-0.098463,-0.369612,0.456314,-0.214216,-0.0581547,0.907493,-0.000903387,-0.269196,1.3309,-0.163092,-0.346761,0.0629324,-0.154485,-0.494408,0.964693,-0.0813005,-0.527366,0.915705,-0.124672,-0.357313,1.10141,0.0264398
52,0.508734,-0.182143,1.35231,0.0108196,-0.191243,0.0950726,0.225087,-0.193847,0.883574,0.186797,-0.327749,1.00048,0.307062,-0.590239,0.997335,0.137993,-0.119973,0.0614148,0.165768,-0.392628,0.435932,0.25673,-0.057718,0.911012,0.0626196,-0.254717,1.33171,0.190249,-0.359835,0.0654746,0.185307,-0.490072,0.98822,0.130087,-0.520017,0.936923,0.171126,-0.184087,0.0996466,-0.172145,-0.195135,0.872784,-0.122834,-0.34126,1.00478,-0.262639,-0.6118,0.964486,-0.076056,-0.11844,0.0597823,-0.098436,-0.373,0.454388,-0.215027,-0.0560271,0.901942,-0.0013249,-0.269966,1.32408,-0.163222,-0.346698,0.0629407,-0.154486,-0.498638,0.968323,-0.0792334,-0.534097,0.919921,-0.121422,-0.357517,1.09468,0.026167
53,0.51871,-0.182702,1.34527,0.0106342,-0.191403,0.0951024,0.225018,-0.190784,0.876969,0.186837,-0.333628,0.994839,0.306093,-0.593596,1.00303,0.134987,-0.120019,0.0614629,0.165726,-0.39567,0.434263,0.257566,-0.0554264,0.905108,0.062133,-0.255503,1.32492,0.189971,-0.359832,0.0654812,0.185366,-0.494013,0.989674,0.12732,-0.526385,0.939295,0.167707,-0.184193,0.0996941,-0.172126,-0.193159,0.866321,-0.122519,-0.346902,0.999649,-0.263074,-0.615954,0.972491,-0.0730711,-0.118472,0.0598039,-0.0984088,-0.376392,0.452438,-0.215692,-0.0539647,0.896232,-0.00167013,-0.270806,1.31713,-0.163254,-0.346671,0.0628872,-0.15446,-0.50272,0.9716,-0.0773486,-0.540583,0.924032,-0.118393,-0.357549,1.08776,0.0261319
54,0.528685,-0.182986,1.33788,0.0104373,-0.19154,0.095119,0.224976,-0.187861,0.870255,0.186828,-0.339546,0.989209,0.305125,-0.596605,1.00832,0.13215,-0.120052,0.0615196,0.165677,-0.398845,0.432434,0.258382,-0.0532606,0.89902,0.061705,-0.256313,1.31795,0.189629,-0.359834,0.0654751,0.185432,-0.497654,0.990951,0.124615,-0.532462,0.941461,0.164323,-0.184334,0.0997384,-0.172077,-0.191328,0.859745,-0.122189,-0.352501,0.994568,-0.263285,-0.619648,0.980206,-0.0702426,-0.118492,0.0598139,-0.0984087,-0.379646,0.450416,-0.21634,-0.0518907,0.890239,-0.00195354,-0.271665,1.31002,-0.163159,-0.346679,0.0627937,-0.154415,-0.506666,0.974565,-0.0756927,-0.546809,0.92798,-0.115568,-0.357395,1.08047,0.0261326
55,0.53866,-0.18319,1.3302,0.0102972,-0.191678,0.0951351,0.224958,-0.185068,0.863472,0.186755,-0.345524,0.98348,0.304199,-0.599358,1.01313,0.129438,-0.120096,0.0615735,0.16564,-0.40182,0.430581,0.259385,-0.0511699,0.892735,0.0613457,-0.257081,1.3107,0.189259,-0.35985,0.0654661,0.185503,-0.50104,0.992113,0.121989,-0.538264,0.943414,0.160977,-0.184508,0.0997475,-0.171996,-0.189459,0.853079,-0.121824,-0.357927,0.989328,-0.263259,-0.622852,0.987602,-0.0676143,-0.118548,0.0598788,-0.0983991,-0.382774,0.448329,-0.217066,-0.0497711,0.883934,-0.00217861,-0.272528,1.30273,-0.162985,-0.34669,0.0626911,-0.154377,-0.510338,0.977113,-0.0740042,-0.552757,0.931737,-0.112913,-0.357246,1.07288,0.0260917
56,0.548635,-0.183543,1.32236,0.010206,-0.191813,0.0951421,0.22495,-0.182357,0.856547,0.186703,-0.351607,0.977551,0.303362,-0.601932,1.01742,0.126828,-0.120141,0.0616207,0.165619,-0.404564,0.42872,0.260553,-0.0491062,0.886244,0.0610218,-0.257963,1.30338,0.189072,-0.359869,0.0654569,0.185567,-0.50441,0.992922,0.119441,-0.543775,0.945129,0.157684,-0.18469,0.099741,-0.171949,-0.187543,0.846357,-0.121529,-0.363342,0.983929,-0.263197,-0.625611,0.994634,-0.0651819,-0.118615,0.0599353,-0.0983876,-0.385781,0.4462,-0.217884,-0.0476205,0.877333,-0.00234733,-0.273371,1.29527,-0.162773,-0.346717,0.0625705,-0.154354,-0.513754,0.979227,-0.0723427,-0.558469,0.935255,-0.110404,-0.357059,1.06487,0.0259888
57,0.55861,-0.183905,1.31466,0.010157,-0.191957,0.0951333,0.224952,-0.179719,0.849471,0.186717,-0.357826,0.971436,0.302611,-0.604385,1.02117,0.124299,-0.120172,0.0616829,0.165583,-0.40719,0.426809,0.261798,-0.0469391,0.879585,0.0607574,-0.258841,1.29585,0.188961,-0.359882,0.0654482,0.185618,-0.508054,0.993001,0.117006,-0.549036,0.94658,0.154459,-0.184867,0.0997635,-0.17197,-0.185624,0.839511,-0.121297,-0.368868,0.978436,-0.263187,-0.627971,1.00118,-0.0629609,-0.118686,0.059971,-0.0983825,-0.388744,0.444005,-0.218852,-0.0454449,0.870534,-0.00247726,-0.274212,1.28767,-0.162559,-0.34675,0.0624444,-0.15435,-0.516963,0.980929,-0.0708011,-0.5639,0.938443,-0.108005,-0.356654,1.05624,0.0258823
58,0.568586,-0.184357,1.30712,0.0101248,-0.192096,0.095138,0.224939,-0.177244,0.842314,0.186658,-0.364063,0.965279,0.301796,-0.606661,1.02443,0.121783,-0.120211,0.0617673,0.165521,-0.40976,0.424916,0.26301,-0.044721,0.872722,0.0605925,-0.259652,1.2881,0.188887,-0.359902,0.0654371,0.185664,-0.511468,0.992998,0.114868,-0.554098,0.947766,0.151361,-0.185028,0.0997715,-0.172009,-0.183664,0.832548,-0.121057,-0.374465,0.972745,-0.26324,-0.629984,1.00712,-0.0609472,-0.118748,0.0599863,-0.0983926,-0.391683,0.441789,-0.219876,-0.0432582,0.863604,-0.00258937,-0.275077,1.27996,-0.162374,-0.346788,0.0623135,-0.154355,-0.519989,0.982288,-0.0693415,-0.568889,0.941176,-0.105626,-0.355928,1.04711,0.025839
59,0.578561,-0.185068,1.29948,0.0101335,-0.192252,0.0951638,0.224886,-0.174862,0.835101,0.186574,-0.370321,0.959141,0.300912,-0.608726,1.02729,0.119358,-0.120244,0.0619182,0.165425,-0.412293,0.423079,0.264141,-0.0427083,0.865527,0.0604875,-0.26041,1.28019,0.188847,-0.359921,0.0654162,0.1857,-0.514595,0.992994,0.112659,-0.558989,0.948712,0.148424,-0.185187,0.0997849,-0.172041,-0.181707,0.825465,-0.120851,-0.38005,0.966888,-0.263263,-0.631737,1.01238,-0.0591243,-0.118784,0.0600042,-0.0984036,-0.394411,0.439612,-0.220693,-0.0411246,0.856564,-0.0026815,-0.275986,1.2722,-0.162234,-0.346826,0.0622004,-0.154367,-0.522795,0.983363,-0.0678913,-0.573461,0.943463,-0.103238,-0.355516,1.03847,0.0259633
60,0.588536,-0.185735,1.29173,0.0101259,-0.192423,0.0952105,0.224794,-0.172508,0.827789,0.186634,-0.376556,0.953049,0.299983,-0.61054,1.02976,0.117034,-0.120289,0.0620896,0.165321,-0.414771,0.4213,0.265214,-0.0407193,0.858227,0.060454,-0.261298,1.27235,0.188877,-0.359959,0.065399,0.185731,-0.517557,0.992647,0.110524,-0.563699,0.94941,0.145622,-0.185363,0.0997838,-0.172046,-0.179771,0.818265,-0.120623,-0.385629,0.960951,-0.26323,-0.633308,1.01692,-0.057455,-0.118834,0.0600549,-0.098408,-0.397151,0.437474,-0.221566,-0.0390545,0.849444,-0.00274183,-0.276887,1.26441,-0.162121,-0.346848,0.062164,-0.154418,-0.525355,0.984165,-0.0664853,-0.577827,0.945322,-0.100907,-0.355218,1.03031,0.0259474
61,0.598511,-0.18625,1.28382,0.0100821,-0.192625,0.0952791,0.224685,-0.170188,0.820437,0.186816,-0.38271,0.94698,0.29904,-0.612088,1.03187,0.114862,-0.120393,0.0621875,0.165252,-0.417165,0.419548,0.266218,-0.0386479,0.851073,0.0604897,-0.262025,1.26432,0.188814,-0.360012,0.0653644,0.185769,-0.520376,0.991912,0.108525,-0.568198,0.94986,0.142935,-0.185557,0.0997856,-0.171998,-0.177912,0.810951,-0.12034,-0.391127,0.955049,-0.262988,-0.634739,1.02072,-0.0559247,-0.118875,0.0601248,-0.0983845,-0.399898,0.435362,-0.222483,-0.0370174,0.842275,-0.00278778,-0.277685,1.25658,-0.161955,-0.346889,0.062201,-0.154525,-0.527708,0.984559,-0.0654622,-0.581983,0.946769,-0.0986798,-0.354815,1.02228,0.0258367
62,0.608486,-0.186673,1.27573,0.0100289,-0.192828,0.0953426,0.224589,-0.167754,0.813149,0.186903,-0.38876,0.940931,0.298133,-0.613341,1.03364,0.112922,-0.120574,0.0621497,0.165265,-0.419468,0.417822,0.267103,-0.0365388,0.844102,0.0605113,-0.262857,1.25631,0.18878,-0.360083,0.065303,0.185802,-0.523057,0.990818,0.106593,-0.572457,0.950072,0.140332,-0.185747,0.0997979,-0.171942,-0.175925,0.803639,-0.119987,-0.396536,0.949189,-0.262589,-0.636043,1.02381,-0.0545473,-0.118906,0.0601853,-0.098357,-0.402465,0.43327,-0.223245,-0.0349988,0.835097,-0.00280917,-0.278534,1.24875,-0.161814,-0.34701,0.062097,-0.15452,-0.529942,0.984456,-0.0646573,-0.585737,0.947788,-0.0964758,-0.354273,1.01414,0.0256916
63,0.618462,-0.187011,1.26756,0.00998258,-0.193023,0.0953827,0.224472,-0.165109,0.805853,0.186916,-0.394741,0.934934,0.297239,-0.61424,1.03502,0.111322,-0.120715,0.0621609,0.165218,-0.421665,0.416144,0.267823,-0.0345482,0.837151,0.0604965,-0.263712,1.24818,0.188688,-0.360161,0.0652443,0.185823,-0.525556,0.989383,0.104635,-0.576494,0.950024,0.137782,-0.185931,0.0998068,-0.171916,-0.173829,0.796426,-0.119503,-0.40187,0.943382,-0.26217,-0.637209,1.02626,-0.0533821,-0.11897,0.0602134,-0.0983528,-0.404858,0.431196,-0.223892,-0.0330274,0.827975,-0.00282786,-0.279473,1.24089,-0.161696,-0.347159,0.0619016,-0.15446,-0.532549,0.98373,-0.0632966,-0.589299,0.948329,-0.0943332,-0.353729,1.00575,0.0256801
64,0.628437,-0.187316,1.25943,0.0099167,-0.193196,0.0954072,0.224335,-0.162553,0.798372,0.187137,-0.400703,0.929068,0.296487,-0.614861,1.03595,0.110015,-0.120811,0.062213,0.16513,-0.423746,0.414538,0.268421,-0.0326649,0.830216,0.0604813,-0.264566,1.23989,0.18853,-0.360229,0.0651962,0.185838,-0.52789,0.987681,0.102649,-0.580321,0.949681,0.13527,-0.186086,0.0997456,-0.171858,-0.171376,0.789433,-0.118807,-0.407155,0.937603,-0.261762,-0.638229,1.02818,-0.0524164,-0.119042,0.0602185,-0.0983494,-0.40694,0.429266,-0.224451,-0.0310567,0.820919,-0.00280688,-0.280509,1.23298,-0.161583,-0.34727,0.0617378,-0.154407,-0.535108,0.982306,-0.0616676,-0.5927,0.948405,-0.0923203,-0.353231,0.997123,0.0257547
65,0.638412,-0.187915,1.25125,0.00985706,-0.193342,0.0954313,0.224204,-0.160216,0.790953,0.187436,-0.406651,0.923233,0.295781,-0.615388,1.03644,0.10887,-0.120879,0.0622589,0.165037,-0.425617,0.413021,0.268945,-0.0307872,0.823317,0.0605048,-0.265594,1.23165,0.188406,-0.360268,0.0651728,0.185861,-0.530093,0.985772,0.100722,-0.583958,0.949048,0.132817,-0.186193,0.0996259,-0.171722,-0.169246,0.782242,-0.118202,-0.412378,0.931823,-0.261322,-0.639059,1.02962,-0.0515571,-0.119073,0.0602528,-0.0983415,-0.409024,0.427456,-0.224911,-0.0290107,0.81394,-0.0027471,-0.281658,1.22499,-0.161478,-0.347322,0.0616442,-0.154369,-0.537408,0.980622,-0.0604216,-0.595958,0.948077,-0.090384,-0.352803,0.988435,0.0258992
66,0.648387,-0.188842,1.24307,0.00979296,-0.193457,0.0954545,0.224113,-0.157901,0.783626,0.187757,-0.412578,0.917385,0.295119,-0.615934,1.0366,0.107794,-0.120932,0.0622847,0.164969,-0.42727,0.411594,0.269426,-0.0288254,0.816448,0.0606042,-0.266797,1.22345,0.188305,-0.360289,0.0651733,0.185887,-0.532267,0.983711,0.0989221,-0.587422,0.948165,0.13044,-0.186361,0.0997468,-0.171681,-0.167218,0.774948,-0.117687,-0.417541,0.925995,-0.260882,-0.639756,1.03061,-0.050792,-0.119091,0.060302,-0.0983368,-0.410788,0.425868,-0.225371,-0.0268923,0.807049,-0.0026199,-0.28292,1.21691,-0.161417,-0.347327,0.0615915,-0.154328,-0.539617,0.978629,-0.0596125,-0.599149,0.947435,-0.0885293,-0.352497,0.979852,0.0261043
67,0.658362,-0.189997,1.23492,0.00975687,-0.193552,0.095479,0.224087,-0.155529,0.776367,0.188096,-0.418465,0.911519,0.294506,-0.616546,1.03641,0.106805,-0.120966,0.06232,0.164937,-0.428763,0.410306,0.269808,-0.0267724,0.80959,0.0607957,-0.268075,1.21514,0.188166,-0.360292,0.0651671,0.185906,-0.534523,0.981537,0.0973436,-0.590788,0.947091,0.128211,-0.186494,0.0998569,-0.17166,-0.164992,0.767736,-0.117125,-0.422616,0.920081,-0.260402,-0.640338,1.03121,-0.0501513,-0.119113,0.0603208,-0.098301,-0.412144,0.424483,-0.225842,-0.0247435,0.800198,-0.00237092,-0.284292,1.20877,-0.161364,-0.347303,0.0615615,-0.1543,-0.541843,0.976274,-0.0590412,-0.602304,0.946566,-0.0868571,-0.352266,0.971243,0.026208
68,0.668337,-0.191219,1.22679,0.00979374,-0.193638,0.0955069,0.224082,-0.152944,0.769263,0.18827,-0.42431,0.905635,0.293929,-0.617249,1.03591,0.105956,-0.121,0.0623683,0.164914,-0.430189,0.409197,0.270093,-0.0246543,0.802722,0.0610839,-0.26964,1.20691,0.18809,-0.360288,0.0651531,0.185931,-0.536812,0.97917,0.0959538,-0.594144,0.945897,0.126188,-0.18661,0.0998888,-0.171617,-0.162668,0.760623,-0.116549,-0.427565,0.914011,-0.259883,-0.640778,1.03151,-0.0496092,-0.11912,0.0603568,-0.0982735,-0.413208,0.423265,-0.226287,-0.02255,0.793342,-0.00197551,-0.285782,1.20068,-0.161292,-0.34727,0.0615332,-0.154285,-0.543895,0.973996,-0.0578138,-0.605388,0.945532,-0.0854416,-0.352181,0.962629,0.0262178
69,0.678313,-0.192438,1.21864,0.00989326,-0.193715,0.0955573,0.223986,-0.150512,0.762274,0.188449,-0.430111,0.899741,0.293372,-0.617984,1.03515,0.105193,-0.121034,0.062429,0.164889,-0.43149,0.408263,0.270278,-0.0225033,0.79586,0.0614587,-0.271394,1.19867,0.188013,-0.360297,0.0651408,0.185945,-0.539118,0.976493,0.094854,-0.59749,0.944627,0.124385,-0.186698,0.0999164,-0.171587,-0.160315,0.753545,-0.116032,-0.432395,0.907786,-0.25937,-0.641141,1.03152,-0.0491414,-0.119133,0.0603812,-0.0982329,-0.414077,0.422188,-0.226688,-0.0203154,0.786508,-0.00147708,-0.287378,1.19261,-0.161164,-0.347242,0.0615202,-0.154273,-0.545851,0.971293,-0.0566472,-0.608366,0.944297,-0.0842873,-0.352263,0.953979,0.026149
70,0.688288,-0.193649,1.21041,0.0100121,-0.193772,0.0956487,0.223783,-0.148257,0.75529,0.188689,-0.435881,0.893841,0.292848,-0.618686,1.03416,0.104396,-0.121074,0.0624646,0.164851,-0.432695,0.407446,0.270362,-0.0203798,0.789069,0.061887,-0.273241,1.19038,0.187906,-0.360313,0.0651443,0.185959,-0.541429,0.973559,0.0939466,-0.600842,0.943229,0.122792,-0.186749,0.0999314,-0.171553,-0.15791,0.746512,-0.115529,-0.437114,0.901566,-0.258994,-0.641546,1.03118,-0.0487552,-0.119144,0.0604022,-0.098206,-0.414804,0.421205,-0.227066,-0.018082,0.779722,-0.000914396,-0.289033,1.18455,-0.160965,-0.347191,0.061522,-0.154257,-0.547834,0.968102,-0.0559161,-0.611312,0.942849,-0.0832923,-0.3525,0.945223,0.0260187
71,0.698263,-0.194802,1.20211,0.0100971,-0.193842,0.0956786,0.223652,-0.146151,0.748326,0.188966,-0.441585,0.887897,0.292321,-0.619375,1.03302,0.103546,-0.121101,0.0624759,0.164796,-0.433747,0.406699,0.270366,-0.0183274,0.782411,0.0623397,-0.275192,1.18212,0.187799,-0.360321,0.0651396,0.185971,-0.543527,0.970624,0.0925083,-0.604137,0.941687,0.121362,-0.186769,0.0999173,-0.171516,-0.155421,0.739583,-0.115003,-0.441633,0.895337,-0.258669,-0.641762,1.03047,-0.0483745,-0.119135,0.06039,-0.0981981,-0.415399,0.420328,-0.227444,-0.0158826,0.77302,-0.00033332,-0.290709,1.17648,-0.160673,-0.347124,0.06153,-0.154244,-0.550167,0.964945,-0.05603,-0.614206,0.941167,-0.0824185,-0.352858,0.936347,0.0258363
72,0.708238,-0.1959,1.19378,0.010195,-0.193915,0.0956461,0.22358,-0.144077,0.741536,0.189168,-0.447197,0.881958,0.291767,-0.620085,1.03179,0.102736,-0.1211,0.0624936,0.164708,-0.434672,0.405974,0.270365,-0.0163325,0.775895,0.062806,-0.277165,1.17388,0.187697,-0.360319,0.0651359,0.185977,-0.545546,0.96735,0.0909864,-0.607193,0.940076,0.120035,-0.186754,0.0999076,-0.171514,-0.152919,0.732696,-0.114514,-0.446011,0.889062,-0.25837,-0.641831,1.02948,-0.0481296,-0.119115,0.0603655,-0.0981993,-0.415865,0.419493,-0.227808,-0.0137028,0.766421,0.00023097,-0.29238,1.16837,-0.160325,-0.347037,0.0615433,-0.154233,-0.552267,0.961858,-0.0554938,-0.616797,0.939247,-0.0815772,-0.35328,0.927343,0.0255873
73,0.718213,-0.19701,1.18548,0.0103106,-0.193947,0.0956655,0.223445,-0.142047,0.734868,0.189317,-0.452654,0.876032,0.291182,-0.620616,1.03031,0.101926,-0.121088,0.062552,0.164593,-0.435554,0.405306,0.270376,-0.0143646,0.769458,0.0632462,-0.279012,1.16557,0.187567,-0.360306,0.0651405,0.185976,-0.547666,0.964309,0.0901159,-0.610284,0.938327,0.118852,-0.186718,0.0998916,-0.17152,-0.150407,0.725851,-0.114046,-0.450252,0.882733,-0.258033,-0.641739,1.02829,-0.0480587,-0.119092,0.0603539,-0.0982116,-0.416209,0.418738,-0.228168,-0.0115632,0.759899,0.000811455,-0.294036,1.16025,-0.159974,-0.346961,0.0615724,-0.154236,-0.554202,0.958403,-0.0548057,-0.619376,0.937089,-0.0807736,-0.353738,0.918274,0.0252596
74,0.728189,-0.198148,1.1773,0.0103918,-0.194017,0.0956628,0.223351,-0.140109,0.728209,0.189524,-0.457969,0.870026,0.290636,-0.621009,1.02858,0.10116,-0.12112,0.0625864,0.164518,-0.43639,0.404712,0.270426,-0.0124208,0.763034,0.0636727,-0.280833,1.15732,0.187449,-0.360302,0.0651494,0.185976,-0.550211,0.961003,0.0896402,-0.613324,0.936379,0.117677,-0.186686,0.0998772,-0.171533,-0.148211,0.718854,-0.113628,-0.454351,0.876382,-0.25762,-0.641628,1.02673,-0.0480774,-0.119083,0.0603226,-0.0982059,-0.416512,0.418115,-0.228516,-0.00947997,0.753427,0.00137534,-0.295644,1.15213,-0.159636,-0.346893,0.061602,-0.154245,-0.556062,0.954616,-0.0541476,-0.62204,0.934694,-0.0800018,-0.354171,0.909195,0.0248353
75,0.738164,-0.199288,1.16929,0.0104579,-0.194086,0.0956808,0.223249,-0.138271,0.721542,0.189774,-0.463208,0.864077,0.290047,-0.621173,1.02654,0.10034,-0.121162,0.0626159,0.164463,-0.43722,0.404181,0.27056,-0.0105223,0.756598,0.0640897,-0.282592,1.14907,0.187331,-0.360301,0.0651623,0.185977,-0.552586,0.956946,0.0885076,-0.616335,0.934214,0.116473,-0.186678,0.0998683,-0.171544,-0.146649,0.711615,-0.113338,-0.45835,0.870063,-0.257133,-0.641534,1.02478,-0.0481396,-0.119066,0.0602994,-0.0981863,-0.416802,0.417585,-0.228857,-0.00744408,0.746966,0.00192136,-0.297205,1.14405,-0.159353,-0.346833,0.0616174,-0.154236,-0.557818,0.950674,-0.0534998,-0.624473,0.932033,-0.0791816,-0.354512,0.900375,0.0244923
76,0.748139,-0.200442,1.16141,0.0105143,-0.194125,0.0957014,0.223186,-0.13653,0.714823,0.19,-0.468342,0.858158,0.28932,-0.621387,1.0244,0.0997693,-0.121201,0.0626424,0.164425,-0.438,0.403693,0.270771,-0.00863522,0.750154,0.0645405,-0.284383,1.14099,0.18724,-0.360294,0.0651693,0.185976,-0.554844,0.953018,0.0874365,-0.619296,0.931871,0.115238,-0.186696,0.0998713,-0.171557,-0.144946,0.704718,-0.112877,-0.462295,0.863801,-0.256581,-0.641495,1.02248,-0.0482029,-0.119061,0.0602875,-0.0981703,-0.417023,0.417127,-0.229177,-0.0054733,0.740506,0.00247233,-0.29874,1.13605,-0.159134,-0.346786,0.0616283,-0.154225,-0.559418,0.946705,-0.0527777,-0.626363,0.929191,-0.078216,-0.35471,0.891805,0.0242584
77,0.758114,-0.201635,1.15355,0.0105185,-0.194124,0.0957076,0.223194,-0.134738,0.708174,0.190288,-0.473315,0.852294,0.288508,-0.621574,1.0219,0.0990766,-0.121242,0.0626793,0.164386,-0.438702,0.403198,0.271062,-0.00682878,0.743655,0.0650034,-0.286111,1.13299,0.187105,-0.360288,0.0651788,0.185981,-0.556964,0.949277,0.0865574,-0.622022,0.929319,0.113876,-0.186723,0.0998903,-0.171586,-0.142697,0.698223,-0.11221,-0.466132,0.857535,-0.25596,-0.641554,1.01988,-0.0482342,-0.119075,0.0602898,-0.0981731,-0.417185,0.416715,-0.229488,-0.00354563,0.734057,0.00302024,-0.300246,1.1281,-0.158951,-0.346755,0.0616328,-0.154225,-0.560919,0.942725,-0.0518764,-0.62817,0.926145,-0.0771744,-0.354861,0.883309,0.0240901
78,0.768089,-0.202801,1.14571,0.010485,-0.194185,0.0957303,0.223062,-0.132896,0.701571,0.190597,-0.478104,0.846462,0.287586,-0.621884,1.01888,0.0981506,-0.121302,0.0627188,0.164344,-0.439377,0.402728,0.271532,-0.00508016,0.737128,0.0655137,-0.287746,1.12508,0.186936,-0.360293,0.065193,0.185993,-0.558987,0.945009,0.0853231,-0.624434,0.926535,0.112336,-0.186756,0.099911,-0.171607,-0.139944,0.692032,-0.111401,-0.469702,0.85112,-0.255272,-0.641692,1.01704,-0.0482208,-0.119084,0.0603161,-0.098179,-0.417293,0.41632,-0.229807,-0.00166703,0.727621,0.00359511,-0.301677,1.12018,-0.158792,-0.346728,0.0616306,-0.154222,-0.562335,0.938619,-0.051145,-0.62997,0.922878,-0.0760783,-0.355111,0.874688,0.0239662
79,0.778065,-0.203833,1.13791,0.0104628,-0.194313,0.0957985,0.222801,-0.13111,0.694951,0.190888,-0.482644,0.840656,0.286549,-0.622342,1.01564,0.0973873,-0.121362,0.0627911,0.164255,-0.440037,0.40225,0.272055,-0.00320756,0.73063,0.066047,-0.289264,1.11724,0.186729,-0.360307,0.0651969,0.186004,-0.560886,0.940948,0.0843515,-0.626623,0.92351,0.110627,-0.186792,0.0999285,-0.171604,-0.137122,0.685962,-0.110634,-0.473072,0.844718,-0.254499,-0.641813,1.01402,-0.0481858,-0.119096,0.0603366,-0.0981919,-0.417376,0.415882,-0.230157,0.000146982,0.721216,0.00417469,-0.303048,1.11226,-0.15862,-0.346708,0.0616148,-0.154218,-0.563651,0.934425,-0.0504101,-0.631474,0.919403,-0.0749115,-0.355163,0.866224,0.0238531
80,0.78804,-0.204712,1.13013,0.0104682,-0.19442,0.0958489,0.222615,-0.129368,0.688336,0.191189,-0.486965,0.834869,0.285427,-0.622665,1.0122,0.0965467,-0.121408,0.0628876,0.164134,-0.440587,0.401771,0.272594,-0.00114388,0.724234,0.0665386,-0.290669,1.10947,0.186524,-0.360332,0.0651873,0.186015,-0.562538,0.936969,0.0832431,-0.628745,0.920256,0.108848,-0.186833,0.0999237,-0.171581,-0.135375,0.67938,-0.110125,-0.476298,0.83837,-0.253658,-0.64184,1.01074,-0.0480709,-0.11912,0.0603428,-0.0981736,-0.417429,0.415403,-0.230573,0.00191603,0.714832,0.0048228,-0.304234,1.10434,-0.15837,-0.346692,0.0615989,-0.154206,-0.564814,0.930158,-0.0494673,-0.632911,0.915756,-0.0737345,-0.355045,0.857993,0.0238154
81,0.798015,-0.205513,1.12234,0.0105335,-0.194498,0.0958618,0.222509,-0.127612,0.681774,0.191514,-0.491131,0.82912,0.284242,-0.622828,1.00851,0.0955432,-0.121441,0.0629356,0.164015,-0.441042,0.401276,0.273069,0.000901261,0.717843,0.0670383,-0.29211,1.10187,0.186374,-0.360359,0.0651788,0.186021,-0.563718,0.932867,0.081394,-0.630642,0.916791,0.106886,-0.186894,0.0999001,-0.171525,-0.134479,0.672365,-0.109796,-0.479346,0.832058,-0.252778,-0.641722,1.00726,-0.047926,-0.119143,0.0603558,-0.098111,-0.417416,0.414944,-0.231081,0.0036356,0.708441,0.00553999,-0.305263,1.09647,-0.158097,-0.346672,0.061588,-0.154191,-0.5659,0.925554,-0.0484655,-0.634282,0.91199,-0.0725428,-0.35485,0.849929,0.0238665
82,0.80799,-0.20631,1.1146,0.0107079,-0.194554,0.0958513,0.22243,-0.125747,0.675294,0.191841,-0.49517,0.823403,0.283023,-0.623023,1.00463,0.0945812,-0.121473,0.0629504,0.163935,-0.441449,0.400796,0.273433,0.00241172,0.711206,0.067629,-0.293498,1.09428,0.186292,-0.360378,0.0651831,0.186021,-0.565068,0.928028,0.0793039,-0.632403,0.913145,0.104742,-0.186967,0.0998904,-0.171465,-0.132741,0.665787,-0.109232,-0.482233,0.825744,-0.251893,-0.641421,1.00365,-0.0477962,-0.119163,0.0603966,-0.0980557,-0.417313,0.414501,-0.231651,0.00527672,0.702013,0.00625755,-0.306109,1.08873,-0.15777,-0.346652,0.0615698,-0.154182,-0.567016,0.920521,-0.0475776,-0.635571,0.908108,-0.071353,-0.354649,0.841963,0.0239855
83,0.817965,-0.207116,1.10694,0.0109518,-0.194595,0.095846,0.222333,-0.123817,0.668899,0.192203,-0.499184,0.817675,0.281819,-0.623231,1.00063,0.09361,-0.121518,0.0629471,0.163891,-0.441804,0.400443,0.273679,0.00369287,0.704695,0.0680908,-0.294821,1.08662,0.186296,-0.360395,0.0651857,0.18602,-0.566409,0.923617,0.0775704,-0.634112,0.909378,0.1025,-0.187042,0.0998929,-0.171402,-0.130503,0.659503,-0.108548,-0.485054,0.819439,-0.251063,-0.640937,0.999869,-0.0476165,-0.11921,0.060443,-0.0980142,-0.417152,0.414028,-0.232235,0.00685658,0.695572,0.00693598,-0.306863,1.08112,-0.157411,-0.346647,0.0615379,-0.154181,-0.568479,0.915242,-0.0473019,-0.63682,0.90413,-0.07017,-0.354515,0.834081,0.0241849
84,0.82794,-0.207977,1.09938,0.0112179,-0.194639,0.095872,0.222217,-0.121831,0.662576,0.192678,-0.503246,0.81191,0.280612,-0.623401,0.996551,0.0925728,-0.121601,0.0628857,0.163877,-0.442119,0.400253,0.273835,0.00501443,0.698319,0.0684128,-0.296188,1.07897,0.186361,-0.360399,0.0651878,0.186025,-0.56744,0.919567,0.0760595,-0.63577,0.905529,0.100257,-0.187116,0.0999038,-0.171348,-0.129639,0.652405,-0.108218,-0.48785,0.813198,-0.250299,-0.640321,0.995941,-0.0473656,-0.119264,0.0604561,-0.0979897,-0.416926,0.413547,-0.232783,0.00846802,0.689249,0.00754535,-0.307761,1.0736,-0.15716,-0.346639,0.061496,-0.154171,-0.569674,0.910094,-0.0465919,-0.638023,0.900076,-0.0689942,-0.354444,0.826301,0.0244858
85,0.837916,-0.2088,1.09195,0.0114695,-0.194696,0.0959006,0.222097,-0.119811,0.656327,0.193302,-0.507223,0.806092,0.279302,-0.623563,0.992413,0.0914867,-0.121667,0.0628631,0.163827,-0.442318,0.400139,0.27388,0.00645285,0.692018,0.0686636,-0.297663,1.07149,0.18645,-0.360345,0.06521,0.186059,-0.56832,0.914848,0.0741852,-0.637379,0.901631,0.0980317,-0.187172,0.0999138,-0.171303,-0.128784,0.645293,-0.107931,-0.490534,0.807035,-0.24952,-0.639649,0.99199,-0.047135,-0.119306,0.0604604,-0.0979445,-0.416663,0.413157,-0.233207,0.0102173,0.683064,0.00810255,-0.308734,1.06609,-0.156956,-0.346627,0.0614605,-0.154165,-0.570596,0.905024,-0.0454271,-0.639037,0.895941,-0.0677876,-0.35446,0.818585,0.0248693
86,0.847891,-0.20954,1.08466,0.0117198,-0.19473,0.095921,0.222002,-0.117646,0.65029,0.193803,-0.511124,0.80033,0.277924,-0.623691,0.988235,0.0903133,-0.121698,0.0628574,0.163766,-0.44243,0.400088,0.273859,0.00799108,0.685749,0.0688925,-0.29918,1.06415,0.18652,-0.3602,0.0652702,0.186129,-0.569526,0.909963,0.0724639,-0.638972,0.897681,0.0958264,-0.187193,0.0998945,-0.17124,-0.126793,0.639134,-0.107282,-0.49314,0.800919,-0.248747,-0.639008,0.987909,-0.046808,-0.119345,0.0604648,-0.097889,-0.416372,0.412942,-0.233482,0.0120393,0.676788,0.00856912,-0.309765,1.05858,-0.156674,-0.346608,0.0614463,-0.154162,-0.571425,0.899874,-0.0439543,-0.640064,0.891731,-0.0665653,-0.354562,0.810928,0.0252816
87,0.857866,-0.210345,1.07738,0.0119691,-0.194722,0.0959163,0.221946,-0.115593,0.644409,0.194209,-0.514962,0.794562,0.276558,-0.623592,0.984013,0.0887946,-0.121703,0.0628325,0.163733,-0.442466,0.400079,0.273782,0.00959072,0.679485,0.069085,-0.300703,1.05685,0.186558,-0.36012,0.0653325,0.186176,-0.571197,0.905623,0.0712356,-0.640484,0.89369,0.0936164,-0.187169,0.0998394,-0.171141,-0.124373,0.633129,-0.106656,-0.495716,0.794792,-0.248038,-0.638446,0.98366,-0.0463292,-0.119397,0.0604885,-0.0978239,-0.415979,0.412936,-0.233654,0.0136813,0.670278,0.00878294,-0.310865,1.05105,-0.156297,-0.346597,0.0614376,-0.154154,-0.572257,0.894665,-0.042521,-0.641139,0.887445,-0.0653295,-0.35475,0.803274,0.0256945
88,0.867841,-0.211295,1.07003,0.0122107,-0.194681,0.0958972,0.221923,-0.113563,0.63863,0.19449,-0.518668,0.788819,0.275102,-0.623502,0.979707,0.0872777,-0.12168,0.0627946,0.163746,-0.442413,0.400134,0.273612,0.0112014,0.673299,0.069253,-0.302264,1.04961,0.18661,-0.360061,0.0653956,0.18621,-0.573146,0.901542,0.0703223,-0.642007,0.88968,0.0915238,-0.187248,0.0999292,-0.170994,-0.122434,0.62677,-0.106176,-0.498288,0.788659,-0.247352,-0.637978,0.979279,-0.0457533,-0.11944,0.0605012,-0.0977398,-0.415451,0.413079,-0.233759,0.0152508,0.663872,0.00899107,-0.312045,1.04353,-0.155874,-0.34659,0.0614194,-0.154123,-0.57323,0.889543,-0.0418971,-0.642205,0.883105,-0.0640911,-0.354953,0.795631,0.026129
89,0.877816,-0.212338,1.06271,0.0124463,-0.194625,0.0958545,0.221927,-0.111796,0.632681,0.19501,-0.522416,0.783114,0.273714,-0.62347,0.975326,0.085856,-0.121635,0.062755,0.163761,-0.442288,0.400271,0.273307,0.0128512,0.667248,0.0694179,-0.303774,1.04237,0.186647,-0.359993,0.0654713,0.186228,-0.574313,0.896137,0.068147,-0.643566,0.885625,0.0895565,-0.187383,0.100006,-0.170803,-0.121018,0.619881,-0.105948,-0.500896,0.782602,-0.246622,-0.637579,0.974863,-0.045247,-0.119458,0.0604886,-0.0976578,-0.414768,0.413279,-0.233796,0.0168401,0.657709,0.00930634,-0.313225,1.03608,-0.155393,-0.346574,0.0613718,-0.154046,-0.574153,0.884374,-0.0409948,-0.643279,0.878706,-0.0629045,-0.35519,0.78796,0.0265646
90,0.887792,-0.213276,1.05553,0.0127093,-0.194554,0.0958227,0.221905,-0.110288,0.626792,0.19578,-0.52605,0.777407,0.272302,-0.623536,0.97084,0.0846235,-0.121561,0.0627348,0.163752,-0.442087,0.400512,0.272859,0.014351,0.661212,0.0696533,-0.305231,1.03515,0.186636,-0.359987,0.0655414,0.186217,-0.575362,0.890765,0.0661038,-0.645131,0.881521,0.0876433,-0.187555,0.100057,-0.170559,-0.119832,0.612673,-0.105953,-0.503556,0.776564,-0.245906,-0.637227,0.970381,-0.0448765,-0.119456,0.0604589,-0.097611,-0.413931,0.413493,-0.233759,0.0184409,0.651768,0.00974162,-0.314359,1.02867,-0.1549,-0.346551,0.0612849,-0.153925,-0.575038,0.879038,-0.0396328,-0.644394,0.874249,-0.0618034,-0.355392,0.780278,0.0269728
91,0.897767,-0.214374,1.04824,0.0129139,-0.194471,0.0957991,0.221852,-0.108535,0.62121,0.19621,-0.529551,0.771734,0.27086,-0.623661,0.966233,0.0835484,-0.121505,0.0626662,0.163756,-0.441758,0.400842,0.272312,0.0156393,0.655158,0.0700548,-0.306708,1.02793,0.186661,-0.360077,0.0655691,0.186147,-0.576611,0.885644,0.0645497,-0.64655,0.877343,0.0856349,-0.187551,0.100077,-0.17039,-0.118471,0.606156,-0.105848,-0.506142,0.770541,-0.24518,-0.636897,0.965726,-0.0446584,-0.119435,0.06043,-0.0975884,-0.413027,0.413733,-0.233653,0.0200333,0.646001,0.0103106,-0.315465,1.02131,-0.154439,-0.346524,0.0611681,-0.153777,-0.576034,0.873666,-0.0387034,-0.645434,0.86967,-0.0607042,-0.355527,0.772611,0.0273454
92,0.907742,-0.2153,1.04108,0.0131991,-0.194367,0.0957641,0.221806,-0.106565,0.615865,0.196299,-0.532935,0.766044,0.269407,-0.623685,0.961546,0.0824758,-0.121449,0.0625783,0.163775,-0.441359,0.401181,0.271729,0.0171521,0.649451,0.0705119,-0.308144,1.02074,0.186709,-0.360076,0.0656165,0.186121,-0.578078,0.880305,0.0633054,-0.647764,0.873055,0.083507,-0.187369,0.10006,-0.170323,-0.116831,0.600489,-0.10527,-0.508651,0.764545,-0.244479,-0.636515,0.960895,-0.0446869,-0.11943,0.0604183,-0.0975564,-0.412056,0.414052,-0.233512,0.0215364,0.640354,0.0109715,-0.316577,1.014,-0.154016,-0.346452,0.0611549,-0.15371,-0.576978,0.868127,-0.0375107,-0.646414,0.864966,-0.0596099,-0.355605,0.764979,0.0276877
93,0.917717,-0.216089,1.03407,0.0134988,-0.194258,0.0957212,0.221793,-0.104805,0.610411,0.196486,-0.536198,0.760338,0.267975,-0.623777,0.956789,0.0817014,-0.121364,0.0624694,0.163808,-0.440965,0.401489,0.271132,0.0188024,0.643982,0.071035,-0.309494,1.0136,0.186704,-0.359997,0.0656917,0.186123,-0.579408,0.874797,0.0620026,-0.648856,0.868652,0.0814625,-0.187246,0.100074,-0.170271,-0.115287,0.595217,-0.104822,-0.511055,0.758571,-0.243812,-0.636082,0.955997,-0.0449332,-0.119429,0.0604006,-0.0975173,-0.410922,0.41449,-0.233371,0.0229582,0.634787,0.0117107,-0.317715,1.00669,-0.153598,-0.346296,0.0613932,-0.153821,-0.577965,0.862664,-0.03681,-0.647366,0.860197,-0.0585671,-0.355634,0.757385,0.0280469
94,0.927692,-0.217013,1.02706,0.0136862,-0.194142,0.0956791,0.221792,-0.103276,0.60489,0.196775,-0.539287,0.754617,0.266548,-0.62392,0.951983,0.0812033,-0.121276,0.0623584,0.163862,-0.440596,0.401775,0.270577,0.020345,0.638582,0.0716581,-0.310846,1.00655,0.186718,-0.359902,0.0657972,0.186131,-0.580322,0.869565,0.0604741,-0.649939,0.86426,0.0796671,-0.187167,0.100088,-0.170192,-0.113567,0.589651,-0.104258,-0.513356,0.752563,-0.243156,-0.635651,0.951103,-0.0452703,-0.11941,0.0603598,-0.0974618,-0.409611,0.415028,-0.23328,0.0243164,0.629259,0.0124672,-0.31887,0.999376,-0.15319,-0.346195,0.0615628,-0.153849,-0.578904,0.857205,-0.035973,-0.648388,0.855488,-0.0576667,-0.35561,0.749815,0.0284038
95,0.937667,-0.217867,1.02013,0.0139071,-0.194031,0.0956343,0.22178,-0.101814,0.59934,0.197041,-0.542178,0.748861,0.265133,-0.62391,0.947211,0.080663,-0.121195,0.0622814,0.163893,-0.440193,0.402054,0.270119,0.021556,0.633043,0.0722782,-0.312192,0.999579,0.18675,-0.359818,0.0658906,0.18613,-0.580985,0.864732,0.0588374,-0.650973,0.859908,0.0780544,-0.187108,0.100115,-0.170105,-0.111731,0.583977,-0.10359,-0.515608,0.746495,-0.242491,-0.635272,0.946221,-0.0456412,-0.119392,0.0602918,-0.0974152,-0.408441,0.415507,-0.23322,0.0255858,0.623673,0.0132197,-0.320033,0.992066,-0.152787,-0.346142,0.061649,-0.153816,-0.579763,0.851776,-0.0347766,-0.649362,0.850761,-0.0568706,-0.355557,0.742311,0.0287271
96,0.947643,-0.21888,1.01311,0.0139966,-0.193928,0.095602,0.221759,-0.100419,0.593765,0.197183,-0.544863,0.743112,0.263762,-0.623955,0.942398,0.0803068,-0.121148,0.0622213,0.163901,-0.439738,0.402348,0.269821,0.0222957,0.626916,0.0725857,-0.313477,0.992684,0.186784,-0.359741,0.0659451,0.186116,-0.581561,0.860127,0.0572739,-0.651935,0.855564,0.0765823,-0.18704,0.100124,-0.170039,-0.110488,0.57848,-0.103434,-0.517778,0.740399,-0.241835,-0.635026,0.941314,-0.0459596,-0.119385,0.0602371,-0.097365,-0.40735,0.415955,-0.233197,0.026655,0.617965,0.0139597,-0.321157,0.984813,-0.152405,-0.346114,0.0617252,-0.153792,-0.580554,0.846457,-0.0335886,-0.650146,0.846065,-0.0561722,-0.355449,0.734938,0.0290878
97,0.957618,-0.219722,1.00621,0.0140959,-0.193832,0.0955721,0.221742,-0.0991139,0.588216,0.19744,-0.547312,0.737376,0.262425,-0.62394,0.937597,0.0799994,-0.12112,0.0621601,0.163917,-0.439262,0.402641,0.26969,0.0232408,0.620923,0.0729111,-0.314689,0.985852,0.186814,-0.359646,0.0659339,0.186098,-0.582795,0.855029,0.0560358,-0.652832,0.851225,0.0752449,-0.18696,0.100133,-0.169982,-0.109161,0.573143,-0.103145,-0.519858,0.734289,-0.241189,-0.634916,0.936425,-0.0462144,-0.119393,0.0601914,-0.0973193,-0.406263,0.416368,-0.233262,0.0274586,0.612084,0.0146493,-0.322233,0.977626,-0.152039,-0.346071,0.0618058,-0.153786,-0.581345,0.841176,-0.033242,-0.650881,0.841341,-0.0555021,-0.355342,0.727713,0.0294786
98,0.967593,-0.220384,0.999461,0.0142692,-0.193736,0.095541,0.221751,-0.0979335,0.582626,0.197856,-0.54959,0.731625,0.261175,-0.623844,0.932828,0.0796923,-0.121102,0.0621013,0.163933,-0.4388,0.402915,0.269748,0.024424,0.615086,0.0734002,-0.315869,0.979088,0.186876,-0.359589,0.0659579,0.186095,-0.583955,0.850135,0.0546754,-0.653687,0.846896,0.0740485,-0.186871,0.100051,-0.169923,-0.107482,0.567877,-0.102542,-0.521789,0.728155,-0.240577,-0.634861,0.93158,-0.0464448,-0.119393,0.0601587,-0.097286,-0.405114,0.416731,-0.233455,0.0285868,0.606337,0.015309,-0.323258,0.97052,-0.151698,-0.346013,0.0618525,-0.153785,-0.582032,0.836,-0.03298,-0.651572,0.836597,-0.0548803,-0.355336,0.720589,0.029896
99,0.977568,-0.221019,0.992804,0.0145005,-0.193638,0.0954805,0.221797,-0.0968811,0.577037,0.198499,-0.551756,0.72591,0.260031,-0.623547,0.928045,0.0792511,-0.121068,0.0620593,0.163959,-0.43833,0.403148,0.269963,0.0256752,0.609248,0.0739541,-0.316956,0.97241,0.186937,-0.359668,0.06622,0.186144,-0.58468,0.844928,0.0535374,-0.654496,0.842611,0.0730059,-0.186727,0.0998122,-0.169814,-0.105808,0.56261,-0.10188,-0.523536,0.722006,-0.239971,-0.634827,0.926722,-0.046619,-0.119381,0.0601367,-0.0972606,-0.403921,0.417039,-0.233806,0.0299065,0.600621,0.0159564,-0.324263,0.96349,-0.151373,-0.34591,0.0617819,-0.153779,-0.582629,0.830873,-0.0325786,-0.652189,0.83182,-0.0543073,-0.35539,0.713552,0.0303245
100,0.987543,-0.221888,0.986143,0.0145989,-0.193534,0.095399,0.221862,-0.0958162,0.571411,0.199128,-0.553824,0.720281,0.258987,-0.623146,0.923291,0.0787643,-0.121021,0.0620092,0.163979,-0.437797,0.403333,0.270299,0.0268377,0.603347,0.0745437,-0.317972,0.965796,0.186995,-0.359672,0.0663689,0.186182,-0.585312,0.839658,0.0525882,-0.655271,0.838335,0.0720714,-0.18664,0.0996983,-0.169788,-0.104776,0.557457,-0.101691,-0.525115,0.715888,-0.239355,-0.634764,0.92187,-0.0467754,-0.11937,0.0601206,-0.0972261,-0.402676,0.417327,-0.234299,0.0312107,0.59482,0.0166357,-0.325266,0.95656,-0.151071,-0.345817,0.0616911,-0.153767,-0.583183,0.825815,-0.031936,-0.652763,0.827035,-0.0537495,-0.355448,0.706641,0.0307623
101,0.997519,-0.222592,0.97972,0.0146853,-0.193429,0.0953186,0.221932,-0.0946254,0.565897,0.199658,-0.555841,0.71473,0.25802,-0.622713,0.918631,0.078222,-0.120954,0.0619576,0.164001,-0.437178,0.403476,0.2707,0.0280312,0.59748,0.0752139,-0.318984,0.959265,0.18705,-0.359607,0.0664269,0.1862,-0.586027,0.834563,0.051707,-0.65602,0.834072,0.0712125,-0.186601,0.0996706,-0.169819,-0.103722,0.552453,-0.10149,-0.526723,0.70988,-0.238874,-0.634648,0.917031,-0.0469789,-0.119372,0.0601006,-0.0972133,-0.401438,0.417575,-0.234944,0.0324045,0.58902,0.0173421,-0.326269,0.949722,-0.150819,-0.345911,0.061875,-0.153803,-0.583684,0.820803,-0.0310261,-0.653348,0.822325,-0.0532273,-0.355538,0.69986,0.0311905
102,1.00749,-0.22304,0.973563,0.0148107,-0.193301,0.0952384,0.222023,-0.0933694,0.56046,0.200308,-0.557816,0.70927,0.2571,-0.6226,0.914062,0.0779083,-0.12086,0.0619341,0.164006,-0.436559,0.403599,0.271115,0.029088,0.591612,0.075876,-0.320032,0.952858,0.187081,-0.359536,0.0664779,0.186216,-0.586754,0.829668,0.0509095,-0.656717,0.829823,0.0703467,-0.186558,0.0996293,-0.16985,-0.102375,0.547661,-0.101316,-0.52832,0.703989,-0.238446,-0.634499,0.912203,-0.0472294,-0.119397,0.060084,-0.0972059,-0.400181,0.417765,-0.235718,0.0335596,0.583307,0.0180591,-0.32724,0.943,-0.150619,-0.345964,0.0619858,-0.153848,-0.584173,0.815617,-0.0304512,-0.653887,0.81762,-0.052675,-0.355651,0.693229,0.0316164
103,1.01747,-0.223579,0.967439,0.0148585,-0.193153,0.0951535,0.22213,-0.0920346,0.555255,0.200868,-0.559732,0.703959,0.256197,-0.622863,0.909567,0.0778467,-0.120777,0.0619071,0.164025,-0.435983,0.403741,0.27155,0.0300519,0.585838,0.0764998,-0.321097,0.946653,0.187089,-0.359469,0.0665384,0.186229,-0.587418,0.824989,0.0501629,-0.657352,0.825628,0.0694349,-0.186529,0.0995898,-0.169859,-0.100975,0.542731,-0.101002,-0.529903,0.698254,-0.238049,-0.634297,0.907366,-0.0475228,-0.119413,0.0600603,-0.0971804,-0.398864,0.417892,-0.236577,0.0347676,0.577769,0.0187287,-0.328128,0.936377,-0.150456,-0.345936,0.0619966,-0.153884,-0.58476,0.810572,-0.0300761,-0.654476,0.813019,-0.0521229,-0.355766,0.686731,0.0319954
104,1.02744,-0.224212,0.961296,0.0147852,-0.193004,0.0950558,0.22224,-0.0908257,0.550068,0.201364,-0.561573,0.698838,0.255311,-0.623195,0.905224,0.0777188,-0.120742,0.0618032,0.164088,-0.435404,0.403899,0.271972,0.0308628,0.580176,0.0770124,-0.322165,0.940707,0.187126,-0.359417,0.0666058,0.186237,-0.588031,0.820493,0.0494031,-0.657957,0.821494,0.068486,-0.186513,0.0995653,-0.169871,-0.0999305,0.537302,-0.100403,-0.531504,0.692729,-0.237686,-0.633967,0.902583,-0.0478215,-0.119456,0.0599507,-0.0970965,-0.397503,0.417971,-0.237491,0.0357623,0.57222,0.0193525,-0.328929,0.929878,-0.150362,-0.345888,0.061994,-0.153912,-0.585395,0.805669,-0.0294569,-0.655083,0.808508,-0.0515248,-0.355862,0.680369,0.0323024
105,1.03742,-0.22467,0.955447,0.0147285,-0.192858,0.0949761,0.222363,-0.0896705,0.545068,0.201754,-0.563344,0.693853,0.254615,-0.623392,0.900935,0.0773699,-0.120749,0.0616664,0.164188,-0.434787,0.404058,0.272414,0.031643,0.574645,0.0774453,-0.323051,0.93503,0.187077,-0.359378,0.0666501,0.186247,-0.588578,0.816076,0.0486716,-0.658558,0.817429,0.0674964,-0.186499,0.0995333,-0.169874,-0.0994396,0.531376,-0.0995421,-0.533093,0.687461,-0.237353,-0.633576,0.897916,-0.0481093,-0.119568,0.0596504,-0.0969089,-0.396145,0.418041,-0.238432,0.0365599,0.566742,0.0199355,-0.329641,0.923573,-0.150307,-0.345855,0.0620109,-0.153947,-0.586071,0.800906,-0.0289015,-0.655702,0.8041,-0.0508982,-0.355935,0.674233,0.0325249
106,1.04739,-0.225143,0.949819,0.0146736,-0.192724,0.0949197,0.22247,-0.0886562,0.540262,0.202277,-0.565011,0.689142,0.253995,-0.623543,0.896708,0.0768836,-0.12074,0.0616023,0.164248,-0.434213,0.404204,0.272922,0.0324412,0.569278,0.0778472,-0.323766,0.92963,0.186964,-0.359349,0.0666815,0.186264,-0.589139,0.811756,0.047949,-0.659204,0.813457,0.0665015,-0.186493,0.0995746,-0.169928,-0.0990954,0.525614,-0.0987395,-0.534641,0.682463,-0.237024,-0.63344,0.893459,-0.0484865,-0.119713,0.0593726,-0.0967519,-0.394798,0.418144,-0.239347,0.0372949,0.561484,0.0204986,-0.330193,0.917531,-0.150263,-0.345813,0.0620258,-0.15399,-0.586761,0.7962,-0.0283372,-0.656357,0.799833,-0.0502709,-0.355978,0.668375,0.0327059
107,1.05737,-0.225462,0.944558,0.0146944,-0.192614,0.0948563,0.222592,-0.0877713,0.535809,0.202726,-0.566545,0.684805,0.253321,-0.623709,0.892567,0.0764024,-0.120731,0.0615791,0.164278,-0.433736,0.404313,0.273487,0.0333146,0.564123,0.0781983,-0.324548,0.924528,0.18694,-0.359324,0.06671,0.186281,-0.589739,0.807594,0.0471811,-0.659872,0.80963,0.0655334,-0.18649,0.0997174,-0.170061,-0.0984233,0.520491,-0.0982011,-0.536123,0.677734,-0.236678,-0.633323,0.889133,-0.0487403,-0.11975,0.0595717,-0.0968843,-0.393461,0.418288,-0.240264,0.0380206,0.556492,0.0210377,-0.330673,0.911789,-0.150259,-0.345758,0.0620514,-0.154041,-0.587461,0.79167,-0.0277726,-0.657086,0.79583,-0.049739,-0.356035,0.662825,0.0328507
108,1.06734,-0.225875,0.939516,0.0146665,-0.192506,0.0947951,0.222753,-0.0870104,0.531664,0.203144,-0.567927,0.680788,0.252658,-0.623878,0.88853,0.0760376,-0.12072,0.061584,0.164297,-0.433334,0.404415,0.274062,0.0342634,0.55926,0.0785378,-0.325261,0.919724,0.186888,-0.359303,0.0667347,0.186292,-0.590389,0.803528,0.0464074,-0.660599,0.805996,0.0646723,-0.186444,0.0997348,-0.170139,-0.0975031,0.515625,-0.0977034,-0.537488,0.673263,-0.236298,-0.633188,0.884975,-0.0488562,-0.119753,0.0597095,-0.0969702,-0.392139,0.418466,-0.241114,0.038737,0.551767,0.0215662,-0.331177,0.906333,-0.150282,-0.345694,0.0620797,-0.154091,-0.588187,0.787397,-0.0272889,-0.657805,0.792063,-0.0493089,-0.356133,0.657592,0.0329693
109,1.07732,-0.226356,0.934702,0.0145726,-0.192391,0.0947262,0.222985,-0.0864394,0.527747,0.203609,-0.569142,0.677013,0.252061,-0.623995,0.884674,0.0757471,-0.120698,0.0615953,0.164322,-0.432957,0.404512,0.274606,0.0351846,0.554791,0.0790302,-0.325797,0.915188,0.186762,-0.359291,0.0667523,0.186303,-0.591139,0.799615,0.0456433,-0.661344,0.802595,0.0639838,-0.186369,0.0996832,-0.170205,-0.0966106,0.510909,-0.097129,-0.538718,0.668978,-0.23595,-0.633147,0.881157,-0.0490783,-0.11974,0.0597013,-0.096966,-0.390868,0.418669,-0.241864,0.0393773,0.547287,0.0221327,-0.331696,0.901142,-0.150258,-0.345637,0.0621356,-0.154153,-0.588939,0.783387,-0.0268994,-0.65847,0.788535,-0.0489987,-0.35624,0.652662,0.03309
110,1.0873,-0.226664,0.930291,0.014467,-0.192331,0.0946663,0.223145,-0.0859817,0.524006,0.204151,-0.570194,0.673405,0.251488,-0.623947,0.881076,0.0753689,-0.120682,0.0615827,0.164354,-0.432551,0.404588,0.27509,0.035942,0.550577,0.0796458,-0.326149,0.910904,0.186542,-0.359278,0.066765,0.186315,-0.591874,0.795906,0.0449239,-0.662053,0.79943,0.0634513,-0.186297,0.0996458,-0.170271,-0.0958193,0.506384,-0.0964934,-0.539826,0.66484,-0.235624,-0.633135,0.877657,-0.0493274,-0.119714,0.0596519,-0.0969369,-0.389707,0.4189,-0.242523,0.0399373,0.543027,0.0227439,-0.332208,0.896222,-0.150205,-0.345596,0.0622178,-0.154199,-0.589655,0.77964,-0.0265502,-0.659128,0.78526,-0.0488039,-0.356351,0.648005,0.0332504
111,1.09727,-0.226991,0.926131,0.0142697,-0.192293,0.0946085,0.223251,-0.085655,0.520495,0.204653,-0.571066,0.669952,0.25092,-0.623747,0.877754,0.0748558,-0.120672,0.0615681,0.164384,-0.432152,0.404646,0.275543,0.0364036,0.546587,0.0802754,-0.326475,0.906914,0.186382,-0.359271,0.0667885,0.186324,-0.592482,0.792502,0.044217,-0.662688,0.796492,0.0630559,-0.186188,0.0996084,-0.170317,-0.0951131,0.502209,-0.095803,-0.540793,0.660881,-0.235235,-0.633086,0.87443,-0.0495479,-0.119674,0.0596031,-0.0969321,-0.38861,0.419092,-0.243076,0.0404232,0.53911,0.0234118,-0.332675,0.89163,-0.150159,-0.34555,0.062321,-0.154232,-0.590341,0.776176,-0.0262116,-0.659778,0.78224,-0.0487035,-0.356433,0.643692,0.0334576
112,1.10725,-0.227122,0.922317,0.0141333,-0.192261,0.0945593,0.223327,-0.0854131,0.517175,0.205128,-0.571753,0.666694,0.250387,-0.623677,0.874726,0.0745524,-0.12066,0.0615558,0.164406,-0.431809,0.40469,0.276012,0.0366394,0.542842,0.0808999,-0.326757,0.903263,0.186283,-0.35926,0.0668197,0.186344,-0.592967,0.78941,0.043562,-0.663246,0.793773,0.0627768,-0.186063,0.0995622,-0.170335,-0.0945431,0.498733,-0.095071,-0.541636,0.657166,-0.234788,-0.632975,0.871444,-0.0497477,-0.119622,0.0595663,-0.0969359,-0.38761,0.419252,-0.243522,0.0407715,0.535886,0.0241246,-0.333046,0.887398,-0.150152,-0.345491,0.0624239,-0.154263,-0.590983,0.772963,-0.0259117,-0.660344,0.779451,-0.0486663,-0.356499,0.639755,0.0336674
113,1.11722,-0.227052,0.918887,0.0140679,-0.192239,0.094525,0.223377,-0.0852601,0.514056,0.20546,-0.572288,0.663626,0.249879,-0.623706,0.871973,0.0744084,-0.120659,0.0615589,0.164411,-0.431546,0.404714,0.276563,0.0367951,0.539434,0.0815271,-0.327005,0.899962,0.186193,-0.35925,0.0668329,0.186372,-0.59358,0.786457,0.0432194,-0.663719,0.791269,0.0625967,-0.185948,0.099532,-0.170381,-0.0942628,0.4962,-0.0942222,-0.542318,0.653697,-0.234288,-0.632862,0.868692,-0.0499524,-0.119587,0.0595231,-0.0969344,-0.386773,0.419386,-0.24388,0.0408278,0.533605,0.0249544,-0.333285,0.883532,-0.150187,-0.34544,0.062509,-0.154296,-0.591548,0.769974,-0.0256851,-0.660804,0.776859,-0.0486712,-0.356576,0.636239,0.0338614
114,1.1272,-0.227105,0.915718,0.0140281,-0.192239,0.0945024,0.223394,-0.0852437,0.511135,0.205631,-0.572678,0.660769,0.249413,-0.623723,0.869449,0.0743208,-0.120676,0.0615567,0.164403,-0.431289,0.404718,0.277198,0.0369281,0.536397,0.0821715,-0.327219,0.897003,0.186073,-0.359248,0.0668309,0.186389,-0.594061,0.783856,0.042839,-0.664109,0.788949,0.062495,-0.185864,0.0995265,-0.170422,-0.0944925,0.49393,-0.0932598,-0.542793,0.65046,-0.23379,-0.632798,0.866157,-0.0501496,-0.119579,0.0594835,-0.0969347,-0.386077,0.419548,-0.244166,0.0403737,0.531588,0.0258976,-0.333401,0.88004,-0.150239,-0.34541,0.0625835,-0.154334,-0.592023,0.767288,-0.0255274,-0.661173,0.774438,-0.0487034,-0.356666,0.633157,0.0340909
115,1.13717,-0.227306,0.912799,0.0139989,-0.192255,0.0944835,0.223382,-0.0852974,0.508471,0.205983,-0.572971,0.658139,0.248999,-0.623687,0.867091,0.0741857,-0.120678,0.0615672,0.164372,-0.430999,0.404677,0.277898,0.037025,0.53364,0.0828567,-0.327446,0.894344,0.185952,-0.359259,0.0668304,0.1864,-0.594493,0.781383,0.0427657,-0.664414,0.786791,0.0624131,-0.18581,0.0995201,-0.170453,-0.0952427,0.491118,-0.0923173,-0.543054,0.647427,-0.233308,-0.632828,0.863836,-0.0503078,-0.119568,0.0594653,-0.096943,-0.385532,0.419726,-0.244352,0.0393993,0.529029,0.0268206,-0.333471,0.876916,-0.150278,-0.345404,0.0626472,-0.154364,-0.592399,0.764938,-0.0254519,-0.661457,0.772167,-0.0487591,-0.356775,0.630457,0.0343704
116,1.14715,-0.227612,0.910157,0.0139813,-0.192277,0.094476,0.223347,-0.0853624,0.506066,0.206489,-0.573174,0.655718,0.248627,-0.623616,0.864865,0.0739592,-0.120692,0.0616074,0.164308,-0.430768,0.404578,0.278639,0.0370997,0.531124,0.0835451,-0.327698,0.891936,0.185886,-0.35928,0.0668257,0.186406,-0.594737,0.779189,0.0427195,-0.664628,0.784764,0.0623173,-0.18578,0.09952,-0.170464,-0.0958116,0.48831,-0.0915018,-0.543121,0.644616,-0.232867,-0.632934,0.861729,-0.0504309,-0.119554,0.0594396,-0.0969369,-0.385084,0.419767,-0.244471,0.0386064,0.526474,0.0276168,-0.333535,0.874141,-0.150282,-0.345392,0.0626961,-0.154383,-0.592682,0.762856,-0.0254162,-0.661684,0.770044,-0.0488246,-0.35689,0.628049,0.03461
117,1.15712,-0.227763,0.907966,0.0140554,-0.192301,0.0944475,0.223266,-0.0854163,0.503948,0.206838,-0.573318,0.653481,0.248284,-0.623741,0.86294,0.0739308,-0.120759,0.061656,0.164216,-0.430615,0.404425,0.279404,0.0371498,0.528917,0.08413,-0.327977,0.889773,0.185941,-0.359306,0.0668138,0.186422,-0.594912,0.777256,0.0426816,-0.664784,0.782861,0.0622169,-0.185738,0.0995231,-0.170474,-0.0960566,0.486018,-0.0908491,-0.543041,0.642053,-0.232486,-0.633063,0.85982,-0.0505355,-0.119557,0.0593925,-0.0969316,-0.384761,0.419767,-0.244586,0.0381373,0.524435,0.0282501,-0.333586,0.871734,-0.15022,-0.345365,0.062748,-0.1544,-0.592843,0.760907,-0.0253982,-0.661884,0.768078,-0.0488739,-0.357037,0.625877,0.0347856
118,1.1671,-0.227792,0.906204,0.0142144,-0.192328,0.0943718,0.223119,-0.0854542,0.502108,0.207049,-0.573438,0.651416,0.247968,-0.624042,0.861319,0.0740768,-0.120874,0.0616567,0.164141,-0.430532,0.404251,0.280116,0.0371207,0.527016,0.084522,-0.328271,0.887855,0.186097,-0.359322,0.0667875,0.186449,-0.595063,0.775601,0.0426305,-0.664906,0.781079,0.0620967,-0.185683,0.0995108,-0.170508,-0.0960857,0.484215,-0.0903684,-0.542904,0.639777,-0.232172,-0.633212,0.858071,-0.0506186,-0.119562,0.059367,-0.0969342,-0.38454,0.419751,-0.244716,0.0378842,0.522885,0.0287114,-0.333655,0.869678,-0.150093,-0.345342,0.0627992,-0.154416,-0.592924,0.759149,-0.0254076,-0.662079,0.766277,-0.0489018,-0.357176,0.624027,0.0349287
119,1.17707,-0.227928,0.90471,0.0143763,-0.192347,0.0942966,0.222948,-0.0854675,0.500522,0.20723,-0.573545,0.649548,0.247681,-0.624358,0.859835,0.0741103,-0.120891,0.0615972,0.164037,-0.430473,0.404031,0.280703,0.0370486,0.525429,0.0847165,-0.328517,0.886192,0.186291,-0.359317,0.0667552,0.186478,-0.595124,0.774251,0.0425089,-0.664992,0.779437,0.061965,-0.185638,0.09947,-0.170539,-0.0959949,0.482503,-0.0901516,-0.542706,0.637795,-0.23188,-0.633356,0.856503,-0.0507179,-0.119539,0.0593714,-0.0969568,-0.384419,0.419707,-0.244846,0.0377509,0.521425,0.0289087,-0.333846,0.867974,-0.150003,-0.345324,0.0628438,-0.154438,-0.592978,0.757667,-0.0253913,-0.662124,0.764638,-0.0489267,-0.357331,0.62251,0.035043
120,1.18705,-0.22797,0.903538,0.0145554,-0.192392,0.094326,0.222834,-0.0854806,0.499271,0.207394,-0.573589,0.647893,0.247407,-0.624679,0.858523,0.0740231,-0.120921,0.0615191,0.163953,-0.430422,0.403783,0.281106,0.0369271,0.524144,0.0847457,-0.328643,0.884809,0.186449,-0.359327,0.0667245,0.186486,-0.595038,0.773075,0.0423306,-0.665071,0.777968,0.0618215,-0.185601,0.0994496,-0.170565,-0.0958426,0.480822,-0.0901889,-0.542459,0.636126,-0.231606,-0.633456,0.855096,-0.0508235,-0.119513,0.0593917,-0.0969929,-0.384391,0.419633,-0.244944,0.0376791,0.519998,0.0288521,-0.333977,0.866624,-0.149897,-0.345301,0.0628759,-0.154447,-0.593037,0.756317,-0.0253534,-0.662222,0.7632,-0.0489606,-0.357505,0.621298,0.0351235
121,1.19702,-0.228093,0.902558,0.0147306,-0.192485,0.0944421,0.222785,-0.0854963,0.498384,0.207458,-0.57353,0.646453,0.247141,-0.625025,0.857397,0.0738974,-0.120958,0.0614949,0.163888,-0.430455,0.403571,0.281378,0.0367475,0.523113,0.0845848,-0.328644,0.883735,0.186592,-0.359362,0.0666931,0.186478,-0.595085,0.771928,0.0423835,-0.665146,0.776689,0.0616761,-0.18561,0.0994681,-0.170599,-0.0956815,0.479435,-0.0903826,-0.542169,0.634803,-0.231368,-0.633485,0.853863,-0.0509386,-0.119519,0.0594117,-0.097004,-0.384453,0.419524,-0.245027,0.0376162,0.518864,0.028639,-0.33399,0.865647,-0.149756,-0.345296,0.0628879,-0.15445,-0.593139,0.755041,-0.025289,-0.662206,0.761966,-0.0489997,-0.357634,0.620436,0.0351345
122,1.207,-0.228011,0.901951,0.014953,-0.192554,0.0943462,0.222612,-0.0855671,0.497822,0.207423,-0.573369,0.645259,0.246898,-0.625308,0.856464,0.0737583,-0.120974,0.061499,0.163849,-0.430576,0.403411,0.281568,0.0365297,0.522347,0.0843212,-0.328734,0.883015,0.18686,-0.359392,0.0666726,0.186476,-0.595074,0.77101,0.0422879,-0.665225,0.77562,0.0615541,-0.18565,0.0994753,-0.170629,-0.0955729,0.478449,-0.0905623,-0.541814,0.633852,-0.231196,-0.633476,0.852817,-0.0510572,-0.11954,0.059441,-0.0969983,-0.384637,0.419376,-0.245079,0.0375007,0.518131,0.0284399,-0.333862,0.865029,-0.149637,-0.345309,0.0628744,-0.154448,-0.593277,0.754007,-0.0251641,-0.662216,0.760949,-0.0490352,-0.357735,0.619887,0.0350886
123,1.21697,-0.227749,0.901728,0.0152138,-0.192687,0.0945206,0.222631,-0.0857994,0.497415,0.207537,-0.573115,0.64437,0.246712,-0.625522,0.855716,0.0736381,-0.12098,0.0614909,0.163834,-0.430768,0.40329,0.281691,0.0363495,0.52192,0.0840906,-0.328942,0.882626,0.187225,-0.359411,0.0666513,0.186476,-0.595222,0.77014,0.0423942,-0.665289,0.774768,0.0614414,-0.185702,0.0994488,-0.170626,-0.0955483,0.477804,-0.0906796,-0.541373,0.633288,-0.231101,-0.633463,0.852016,-0.0511581,-0.119548,0.0594563,-0.0969909,-0.384938,0.419193,-0.245076,0.0373012,0.517739,0.0283033,-0.333647,0.864746,-0.149545,-0.345331,0.0628371,-0.154436,-0.593461,0.753195,-0.0249886,-0.662278,0.760163,-0.0490676,-0.357837,0.619628,0.0349985
124,1.22695,-0.227685,0.901702,0.0154383,-0.192718,0.0945577,0.222728,-0.0861814,0.497147,0.207801,-0.572832,0.643802,0.246608,-0.62567,0.855135,0.0735417,-0.120961,0.061494,0.163835,-0.430981,0.403153,0.281706,0.0361891,0.52183,0.083969,-0.329113,0.882524,0.1875,-0.359429,0.066612,0.186458,-0.595307,0.769499,0.0423887,-0.665313,0.774142,0.0613099,-0.185774,0.099452,-0.170602,-0.0956077,0.477483,-0.0907616,-0.540883,0.633124,-0.231075,-0.633457,0.851473,-0.0512036,-0.11957,0.059477,-0.0969653,-0.385339,0.419015,-0.245009,0.0370178,0.51767,0.0282018,-0.3334,0.864786,-0.149456,-0.345365,0.0627757,-0.154414,-0.593654,0.752619,-0.0248112,-0.662362,0.759656,-0.0491118,-0.357913,0.619682,0.0348787
125,1.23692,-0.227824,0.901875,0.0156384,-0.192755,0.0943574,0.222602,-0.0864308,0.497258,0.207803,-0.572585,0.643551,0.246564,-0.625783,0.854723,0.0734395,-0.120921,0.0615084,0.16385,-0.431247,0.402966,0.281608,0.035973,0.522071,0.0839384,-0.329248,0.882705,0.18768,-0.359444,0.0665867,0.186446,-0.595339,0.769115,0.0422632,-0.665338,0.773742,0.0611658,-0.185857,0.0995032,-0.170579,-0.0957377,0.47751,-0.0908009,-0.540405,0.633349,-0.231124,-0.63351,0.851221,-0.0512005,-0.119594,0.0595222,-0.0969616,-0.385809,0.418849,-0.244907,0.0366637,0.517951,0.0281431,-0.33316,0.865142,-0.149359,-0.345401,0.0627037,-0.154395,-0.593799,0.752356,-0.024702,-0.662432,0.759457,-0.0491684,-0.357971,0.620022,0.0347724
126,1.2469,-0.227821,0.902454,0.0158887,-0.192829,0.0943611,0.222618,-0.086561,0.497695,0.207574,-0.572382,0.643615,0.246541,-0.625909,0.854547,0.0733602,-0.120894,0.0614934,0.163884,-0.431588,0.40277,0.281429,0.0356924,0.522634,0.0839501,-0.32935,0.883207,0.187821,-0.359452,0.0665653,0.186442,-0.595332,0.769044,0.0421028,-0.665369,0.773589,0.0610102,-0.185928,0.0995272,-0.170543,-0.0958936,0.477867,-0.0908276,-0.539976,0.63394,-0.231253,-0.633622,0.851301,-0.0511582,-0.119623,0.059559,-0.0969538,-0.386329,0.418699,-0.244785,0.0362838,0.51856,0.028097,-0.33296,0.865797,-0.149259,-0.345429,0.0626206,-0.154379,-0.593869,0.752456,-0.0247045,-0.662484,0.759565,-0.0492554,-0.357999,0.620658,0.0347201
127,1.25687,-0.227763,0.903359,0.0161514,-0.192825,0.0942876,0.222684,-0.0867684,0.498353,0.207425,-0.572193,0.644005,0.246521,-0.62609,0.854669,0.0733426,-0.120877,0.0614805,0.163948,-0.431991,0.402605,0.281219,0.0353427,0.523534,0.083933,-0.329444,0.884018,0.18802,-0.359462,0.066536,0.186428,-0.595369,0.769326,0.0419647,-0.665405,0.773696,0.0608469,-0.186009,0.0995471,-0.170503,-0.0960464,0.478547,-0.090913,-0.539612,0.634876,-0.231481,-0.633787,0.851735,-0.051084,-0.119678,0.0596235,-0.0969412,-0.386843,0.418574,-0.244636,0.0359069,0.519494,0.0279923,-0.332813,0.866748,-0.149139,-0.34547,0.0625451,-0.154362,-0.593908,0.75293,-0.0248162,-0.662499,0.759964,-0.0493847,-0.357995,0.621611,0.0347289
128,1.26685,-0.227977,0.904371,0.0163446,-0.19282,0.0942677,0.222833,-0.0870506,0.499325,0.207349,-0.572003,0.644707,0.246508,-0.626325,0.855094,0.0733435,-0.120883,0.0615065,0.164043,-0.432337,0.402422,0.280904,0.0349965,0.524816,0.0838735,-0.329502,0.885121,0.188266,-0.359479,0.0665128,0.186398,-0.59542,0.76994,0.0418482,-0.665446,0.774082,0.0606903,-0.186094,0.0995702,-0.170463,-0.0962196,0.479557,-0.0910579,-0.539291,0.636117,-0.231787,-0.634007,0.852526,-0.0510094,-0.119725,0.0596624,-0.0969228,-0.38732,0.41846,-0.244486,0.0355096,0.520756,0.0278279,-0.332699,0.868001,-0.148983,-0.345511,0.0624811,-0.154347,-0.593962,0.753743,-0.0250031,-0.66252,0.760706,-0.0495769,-0.357986,0.622882,0.0347937
129,1.27682,-0.227891,0.905956,0.0165871,-0.1928,0.0942908,0.223064,-0.0873564,0.500611,0.207236,-0.571833,0.645735,0.24653,-0.626575,0.8558,0.0732627,-0.120915,0.0615593,0.164136,-0.432631,0.402238,0.280501,0.0346594,0.526491,0.0837383,-0.329512,0.886561,0.188462,-0.359497,0.0664894,0.186358,-0.5955,0.770897,0.0417735,-0.66549,0.774788,0.060555,-0.186164,0.0995946,-0.170437,-0.0964291,0.4809,-0.0912538,-0.538991,0.637656,-0.232148,-0.634295,0.853672,-0.0509765,-0.119759,0.0596827,-0.0969161,-0.387781,0.418348,-0.244362,0.035076,0.522352,0.0276127,-0.332563,0.86957,-0.148821,-0.345526,0.0624175,-0.154337,-0.594016,0.754907,-0.0252308,-0.662576,0.76179,-0.0498373,-0.357984,0.624481,0.0348921
130,1.2868,-0.227636,0.907953,0.0168659,-0.192806,0.0943021,0.223209,-0.0876932,0.502214,0.206974,-0.571656,0.647114,0.246567,-0.626798,0.856818,0.0730888,-0.120818,0.0615839,0.164171,-0.433029,0.402084,0.279996,0.0342307,0.528564,0.0835385,-0.329502,0.888306,0.188652,-0.359508,0.0664546,0.186313,-0.595526,0.772236,0.0417536,-0.665523,0.775839,0.0604432,-0.186234,0.0995977,-0.170423,-0.0966843,0.482608,-0.0914935,-0.538696,0.639499,-0.232556,-0.634621,0.855125,-0.0509948,-0.119777,0.0597196,-0.0969195,-0.388273,0.418263,-0.24427,0.0345968,0.524313,0.0273536,-0.332447,0.871485,-0.148673,-0.345535,0.0623591,-0.154342,-0.59406,0.756452,-0.0255173,-0.662656,0.763167,-0.0501572,-0.358035,0.626383,0.0350094
131,1.29677,-0.227549,0.910144,0.0170853,-0.192842,0.0942794,0.223293,-0.0881275,0.504196,0.206598,-0.571465,0.648842,0.246618,-0.627182,0.858333,0.0731014,-0.120747,0.0615862,0.164205,-0.433485,0.401957,0.279528,0.0337957,0.531053,0.0832584,-0.329528,0.890373,0.188828,-0.359524,0.0664173,0.186282,-0.595558,0.773908,0.0417591,-0.665547,0.777239,0.0603759,-0.186285,0.0996099,-0.170418,-0.0969715,0.484688,-0.0917666,-0.53839,0.641635,-0.232995,-0.634974,0.856879,-0.0510916,-0.119796,0.0597447,-0.0969273,-0.388759,0.418193,-0.244193,0.0340855,0.526647,0.0270611,-0.332379,0.873732,-0.148569,-0.34555,0.0623203,-0.154345,-0.594153,0.758199,-0.0258857,-0.662769,0.76482,-0.0505126,-0.358087,0.628577,0.0351312
132,1.30675,-0.227679,0.912547,0.01723,-0.192902,0.0942482,0.223346,-0.0887317,0.506503,0.20641,-0.571277,0.650938,0.246718,-0.62758,0.860243,0.0730993,-0.120725,0.0615565,0.164268,-0.433946,0.401849,0.279098,0.0333957,0.533927,0.0829285,-0.329578,0.89276,0.188978,-0.359554,0.0663934,0.186258,-0.595547,0.775878,0.0418062,-0.665599,0.77899,0.0603649,-0.186335,0.0996168,-0.170389,-0.0973016,0.487145,-0.0920652,-0.538103,0.644062,-0.233451,-0.635292,0.858903,-0.0512522,-0.119829,0.0597284,-0.0969231,-0.389201,0.418121,-0.244115,0.0335314,0.529356,0.0267431,-0.332327,0.87628,-0.148454,-0.345564,0.0622938,-0.154343,-0.594284,0.760251,-0.0262202,-0.662895,0.766761,-0.050864,-0.35815,0.631047,0.0352122
133,1.31672,-0.227929,0.91524,0.0173266,-0.192979,0.0942199,0.223348,-0.0893712,0.509166,0.206191,-0.571106,0.653398,0.246844,-0.627867,0.862492,0.0729857,-0.120716,0.0615021,0.164364,-0.434328,0.401738,0.27861,0.0330316,0.53716,0.0826337,-0.329645,0.895482,0.1891,-0.359572,0.0663769,0.186231,-0.595495,0.778145,0.0417531,-0.665659,0.781099,0.0603853,-0.186355,0.0996096,-0.17036,-0.0976121,0.489982,-0.092364,-0.537798,0.646775,-0.233858,-0.63558,0.861162,-0.051458,-0.119852,0.0597317,-0.0969257,-0.389592,0.418053,-0.244022,0.0329968,0.532446,0.0264249,-0.332301,0.87913,-0.148335,-0.34558,0.0622737,-0.154341,-0.594444,0.762602,-0.0265029,-0.663012,0.768995,-0.0511982,-0.358212,0.63381,0.0352012
